video,frame_idx,frame_ts_ms,saved_path,orig_w,orig_h,scale,sharpness
Данные/25_12-20/25_12-20.mp4,0,0,ml/output/frames/25_12-20/000000.jpg,3840,2160,0.5,5876.8
Данные/25_12-20/25_12-20.mp4,15,766,ml/output/frames/25_12-20/000015.jpg,3840,2160,0.5,4874.6
Данные/25_12-20/25_12-20.mp4,20,1022,ml/output/frames/25_12-20/000020.jpg,3840,2160,0.5,3613.0
Данные/25_12-20/25_12-20.mp4,25,1277,ml/output/frames/25_12-20/000025.jpg,3840,2160,0.5,2572.6
Данные/25_12-20/25_12-20.mp4,30,1532,ml/output/frames/25_12-20/000030.jpg,3840,2160,0.5,2516.9
Данные/25_12-20/25_12-20.mp4,35,1788,ml/output/frames/25_12-20/000035.jpg,3840,2160,0.5,2510.9
Данные/25_12-20/25_12-20.mp4,40,2043,ml/output/frames/25_12-20/000040.jpg,3840,2160,0.5,2583.7
Данные/25_12-20/25_12-20.mp4,45,2298,ml/output/frames/25_12-20/000045.jpg,3840,2160,0.5,2543.6
Данные/25_12-20/25_12-20.mp4,50,2554,ml/output/frames/25_12-20/000050.jpg,3840,2160,0.5,2616.4
Данные/25_12-20/25_12-20.mp4,55,2809,ml/output/frames/25_12-20/000055.jpg,3840,2160,0.5,2702.1
Данные/25_12-20/25_12-20.mp4,60,3065,ml/output/frames/25_12-20/000060.jpg,3840,2160,0.5,2945.1
Данные/25_12-20/25_12-20.mp4,65,3320,ml/output/frames/25_12-20/000065.jpg,3840,2160,0.5,2752.7
Данные/25_12-20/25_12-20.mp4,70,3575,ml/output/frames/25_12-20/000070.jpg,3840,2160,0.5,2695.4
Данные/25_12-20/25_12-20.mp4,75,3831,ml/output/frames/25_12-20/000075.jpg,3840,2160,0.5,2651.5
Данные/25_12-20/25_12-20.mp4,80,4086,ml/output/frames/25_12-20/000080.jpg,3840,2160,0.5,2622.1
Данные/25_12-20/25_12-20.mp4,85,4342,ml/output/frames/25_12-20/000085.jpg,3840,2160,0.5,2582.7
Данные/25_12-20/25_12-20.mp4,90,4597,ml/output/frames/25_12-20/000090.jpg,3840,2160,0.5,2573.8
Данные/25_12-20/25_12-20.mp4,95,4852,ml/output/frames/25_12-20/000095.jpg,3840,2160,0.5,2528.2
Данные/25_12-20/25_12-20.mp4,100,5108,ml/output/frames/25_12-20/000100.jpg,3840,2160,0.5,2863.1
Данные/25_12-20/25_12-20.mp4,105,5363,ml/output/frames/25_12-20/000105.jpg,3840,2160,0.5,3074.4
Данные/25_12-20/25_12-20.mp4,110,5619,ml/output/frames/25_12-20/000110.jpg,3840,2160,0.5,2529.8
Данные/25_12-20/25_12-20.mp4,115,5874,ml/output/frames/25_12-20/000115.jpg,3840,2160,0.5,2421.8
Данные/25_12-20/25_12-20.mp4,120,6129,ml/output/frames/25_12-20/000120.jpg,3840,2160,0.5,2404.6
Данные/25_12-20/25_12-20.mp4,125,6385,ml/output/frames/25_12-20/000125.jpg,3840,2160,0.5,2461.7
Данные/25_12-20/25_12-20.mp4,130,6640,ml/output/frames/25_12-20/000130.jpg,3840,2160,0.5,2685.0
Данные/25_12-20/25_12-20.mp4,135,6895,ml/output/frames/25_12-20/000135.jpg,3840,2160,0.5,2566.5
Данные/25_12-20/25_12-20.mp4,140,7151,ml/output/frames/25_12-20/000140.jpg,3840,2160,0.5,2885.9
Данные/25_12-20/25_12-20.mp4,145,7406,ml/output/frames/25_12-20/000145.jpg,3840,2160,0.5,2435.4
Данные/25_12-20/25_12-20.mp4,150,7662,ml/output/frames/25_12-20/000150.jpg,3840,2160,0.5,2504.2
Данные/25_12-20/25_12-20.mp4,155,7917,ml/output/frames/25_12-20/000155.jpg,3840,2160,0.5,2591.1
Данные/25_12-20/25_12-20.mp4,160,8172,ml/output/frames/25_12-20/000160.jpg,3840,2160,0.5,2605.0
Данные/25_12-20/25_12-20.mp4,165,8428,ml/output/frames/25_12-20/000165.jpg,3840,2160,0.5,2373.0
Данные/25_12-20/25_12-20.mp4,170,8683,ml/output/frames/25_12-20/000170.jpg,3840,2160,0.5,2069.8
Данные/25_12-20/25_12-20.mp4,175,8939,ml/output/frames/25_12-20/000175.jpg,3840,2160,0.5,2428.4
Данные/25_12-20/25_12-20.mp4,180,9194,ml/output/frames/25_12-20/000180.jpg,3840,2160,0.5,2606.0
Данные/25_12-20/25_12-20.mp4,185,9449,ml/output/frames/25_12-20/000185.jpg,3840,2160,0.5,2201.7
Данные/25_12-20/25_12-20.mp4,190,9705,ml/output/frames/25_12-20/000190.jpg,3840,2160,0.5,2763.8
Данные/25_12-20/25_12-20.mp4,195,9960,ml/output/frames/25_12-20/000195.jpg,3840,2160,0.5,2262.2
Данные/25_12-20/25_12-20.mp4,200,10216,ml/output/frames/25_12-20/000200.jpg,3840,2160,0.5,2301.2
Данные/25_12-20/25_12-20.mp4,205,10471,ml/output/frames/25_12-20/000205.jpg,3840,2160,0.5,2159.4
Данные/25_12-20/25_12-20.mp4,210,10726,ml/output/frames/25_12-20/000210.jpg,3840,2160,0.5,2325.8
Данные/25_12-20/25_12-20.mp4,215,10982,ml/output/frames/25_12-20/000215.jpg,3840,2160,0.5,2041.9
Данные/25_12-20/25_12-20.mp4,220,11237,ml/output/frames/25_12-20/000220.jpg,3840,2160,0.5,2004.6
Данные/25_12-20/25_12-20.mp4,225,11492,ml/output/frames/25_12-20/000225.jpg,3840,2160,0.5,2005.9
Данные/25_12-20/25_12-20.mp4,230,11748,ml/output/frames/25_12-20/000230.jpg,3840,2160,0.5,2054.2
Данные/25_12-20/25_12-20.mp4,235,12003,ml/output/frames/25_12-20/000235.jpg,3840,2160,0.5,2052.2
Данные/25_12-20/25_12-20.mp4,240,12259,ml/output/frames/25_12-20/000240.jpg,3840,2160,0.5,2101.8
Данные/25_12-20/25_12-20.mp4,245,12514,ml/output/frames/25_12-20/000245.jpg,3840,2160,0.5,2019.6
Данные/25_12-20/25_12-20.mp4,250,12769,ml/output/frames/25_12-20/000250.jpg,3840,2160,0.5,1914.7
Данные/25_12-20/25_12-20.mp4,255,13025,ml/output/frames/25_12-20/000255.jpg,3840,2160,0.5,2060.3
Данные/25_12-20/25_12-20.mp4,260,13280,ml/output/frames/25_12-20/000260.jpg,3840,2160,0.5,2116.0
Данные/25_12-20/25_12-20.mp4,265,13536,ml/output/frames/25_12-20/000265.jpg,3840,2160,0.5,2144.5
Данные/25_12-20/25_12-20.mp4,270,13791,ml/output/frames/25_12-20/000270.jpg,3840,2160,0.5,2049.1
Данные/25_12-20/25_12-20.mp4,275,14046,ml/output/frames/25_12-20/000275.jpg,3840,2160,0.5,1989.7
Данные/25_12-20/25_12-20.mp4,280,14302,ml/output/frames/25_12-20/000280.jpg,3840,2160,0.5,1988.7
Данные/25_12-20/25_12-20.mp4,285,14557,ml/output/frames/25_12-20/000285.jpg,3840,2160,0.5,2016.8
Данные/25_12-20/25_12-20.mp4,290,14813,ml/output/frames/25_12-20/000290.jpg,3840,2160,0.5,1861.0
Данные/25_12-20/25_12-20.mp4,295,15068,ml/output/frames/25_12-20/000295.jpg,3840,2160,0.5,2182.4
Данные/25_12-20/25_12-20.mp4,300,15323,ml/output/frames/25_12-20/000300.jpg,3840,2160,0.5,2284.0
Данные/25_12-20/25_12-20.mp4,305,15579,ml/output/frames/25_12-20/000305.jpg,3840,2160,0.5,2112.3
Данные/25_12-20/25_12-20.mp4,310,15834,ml/output/frames/25_12-20/000310.jpg,3840,2160,0.5,1953.3
Данные/25_12-20/25_12-20.mp4,315,16089,ml/output/frames/25_12-20/000315.jpg,3840,2160,0.5,1704.9
Данные/25_12-20/25_12-20.mp4,320,16345,ml/output/frames/25_12-20/000320.jpg,3840,2160,0.5,2140.3
Данные/25_12-20/25_12-20.mp4,325,16600,ml/output/frames/25_12-20/000325.jpg,3840,2160,0.5,1888.6
Данные/25_12-20/25_12-20.mp4,330,16856,ml/output/frames/25_12-20/000330.jpg,3840,2160,0.5,1949.1
Данные/25_12-20/25_12-20.mp4,335,17111,ml/output/frames/25_12-20/000335.jpg,3840,2160,0.5,1802.0
Данные/25_12-20/25_12-20.mp4,340,17366,ml/output/frames/25_12-20/000340.jpg,3840,2160,0.5,1848.0
Данные/25_12-20/25_12-20.mp4,345,17622,ml/output/frames/25_12-20/000345.jpg,3840,2160,0.5,1758.8
Данные/25_12-20/25_12-20.mp4,350,17877,ml/output/frames/25_12-20/000350.jpg,3840,2160,0.5,1738.7
Данные/25_12-20/25_12-20.mp4,355,18133,ml/output/frames/25_12-20/000355.jpg,3840,2160,0.5,1776.5
Данные/25_12-20/25_12-20.mp4,360,18388,ml/output/frames/25_12-20/000360.jpg,3840,2160,0.5,1983.3
Данные/25_12-20/25_12-20.mp4,365,18643,ml/output/frames/25_12-20/000365.jpg,3840,2160,0.5,1425.1
Данные/25_12-20/25_12-20.mp4,370,18899,ml/output/frames/25_12-20/000370.jpg,3840,2160,0.5,1518.1
Данные/25_12-20/25_12-20.mp4,375,19154,ml/output/frames/25_12-20/000375.jpg,3840,2160,0.5,1616.9
Данные/25_12-20/25_12-20.mp4,380,19410,ml/output/frames/25_12-20/000380.jpg,3840,2160,0.5,1854.3
Данные/25_12-20/25_12-20.mp4,385,19665,ml/output/frames/25_12-20/000385.jpg,3840,2160,0.5,1656.4
Данные/25_12-20/25_12-20.mp4,390,19920,ml/output/frames/25_12-20/000390.jpg,3840,2160,0.5,1891.3
Данные/25_12-20/25_12-20.mp4,395,20176,ml/output/frames/25_12-20/000395.jpg,3840,2160,0.5,2035.3
Данные/25_12-20/25_12-20.mp4,400,20431,ml/output/frames/25_12-20/000400.jpg,3840,2160,0.5,2049.4
Данные/25_12-20/25_12-20.mp4,405,20686,ml/output/frames/25_12-20/000405.jpg,3840,2160,0.5,1818.2
Данные/25_12-20/25_12-20.mp4,410,20942,ml/output/frames/25_12-20/000410.jpg,3840,2160,0.5,1740.1
Данные/25_12-20/25_12-20.mp4,415,21197,ml/output/frames/25_12-20/000415.jpg,3840,2160,0.5,1639.0
Данные/25_12-20/25_12-20.mp4,420,21453,ml/output/frames/25_12-20/000420.jpg,3840,2160,0.5,1597.3
Данные/25_12-20/25_12-20.mp4,425,21708,ml/output/frames/25_12-20/000425.jpg,3840,2160,0.5,1757.8
Данные/25_12-20/25_12-20.mp4,430,21963,ml/output/frames/25_12-20/000430.jpg,3840,2160,0.5,2054.2
Данные/25_12-20/25_12-20.mp4,435,22219,ml/output/frames/25_12-20/000435.jpg,3840,2160,0.5,1861.1
Данные/25_12-20/25_12-20.mp4,440,22474,ml/output/frames/25_12-20/000440.jpg,3840,2160,0.5,2113.3
Данные/25_12-20/25_12-20.mp4,445,22730,ml/output/frames/25_12-20/000445.jpg,3840,2160,0.5,1762.0
Данные/25_12-20/25_12-20.mp4,450,22985,ml/output/frames/25_12-20/000450.jpg,3840,2160,0.5,1790.3
Данные/25_12-20/25_12-20.mp4,455,23240,ml/output/frames/25_12-20/000455.jpg,3840,2160,0.5,1706.9
Данные/25_12-20/25_12-20.mp4,460,23496,ml/output/frames/25_12-20/000460.jpg,3840,2160,0.5,2379.6
Данные/25_12-20/25_12-20.mp4,465,23751,ml/output/frames/25_12-20/000465.jpg,3840,2160,0.5,2585.9
Данные/25_12-20/25_12-20.mp4,470,24007,ml/output/frames/25_12-20/000470.jpg,3840,2160,0.5,2470.7
Данные/25_12-20/25_12-20.mp4,475,24262,ml/output/frames/25_12-20/000475.jpg,3840,2160,0.5,2422.1
Данные/25_12-20/25_12-20.mp4,480,24517,ml/output/frames/25_12-20/000480.jpg,3840,2160,0.5,2257.6
Данные/25_12-20/25_12-20.mp4,485,24773,ml/output/frames/25_12-20/000485.jpg,3840,2160,0.5,1913.6
Данные/25_12-20/25_12-20.mp4,490,25028,ml/output/frames/25_12-20/000490.jpg,3840,2160,0.5,1953.4
Данные/25_12-20/25_12-20.mp4,495,25283,ml/output/frames/25_12-20/000495.jpg,3840,2160,0.5,3006.4
Данные/25_12-20/25_12-20.mp4,500,25539,ml/output/frames/25_12-20/000500.jpg,3840,2160,0.5,3939.8
Данные/25_12-20/25_12-20.mp4,505,25794,ml/output/frames/25_12-20/000505.jpg,3840,2160,0.5,2801.1
Данные/25_12-20/25_12-20.mp4,510,26050,ml/output/frames/25_12-20/000510.jpg,3840,2160,0.5,2822.7
Данные/25_12-20/25_12-20.mp4,515,26305,ml/output/frames/25_12-20/000515.jpg,3840,2160,0.5,3009.0
Данные/25_12-20/25_12-20.mp4,520,26560,ml/output/frames/25_12-20/000520.jpg,3840,2160,0.5,3346.1
Данные/25_12-20/25_12-20.mp4,525,26816,ml/output/frames/25_12-20/000525.jpg,3840,2160,0.5,3062.3
Данные/25_12-20/25_12-20.mp4,530,27071,ml/output/frames/25_12-20/000530.jpg,3840,2160,0.5,4083.3
Данные/25_12-20/25_12-20.mp4,535,27327,ml/output/frames/25_12-20/000535.jpg,3840,2160,0.5,2882.0
Данные/25_12-20/25_12-20.mp4,540,27582,ml/output/frames/25_12-20/000540.jpg,3840,2160,0.5,3703.6
Данные/25_12-20/25_12-20.mp4,545,27837,ml/output/frames/25_12-20/000545.jpg,3840,2160,0.5,3703.1
Данные/25_12-20/25_12-20.mp4,550,28093,ml/output/frames/25_12-20/000550.jpg,3840,2160,0.5,4106.9
Данные/25_12-20/25_12-20.mp4,555,28348,ml/output/frames/25_12-20/000555.jpg,3840,2160,0.5,4052.6
Данные/25_12-20/25_12-20.mp4,560,28604,ml/output/frames/25_12-20/000560.jpg,3840,2160,0.5,4318.5
Данные/25_12-20/25_12-20.mp4,565,28859,ml/output/frames/25_12-20/000565.jpg,3840,2160,0.5,3645.9
Данные/25_12-20/25_12-20.mp4,570,29114,ml/output/frames/25_12-20/000570.jpg,3840,2160,0.5,4209.9
Данные/25_12-20/25_12-20.mp4,575,29370,ml/output/frames/25_12-20/000575.jpg,3840,2160,0.5,4126.2
Данные/25_12-20/25_12-20.mp4,580,29625,ml/output/frames/25_12-20/000580.jpg,3840,2160,0.5,4374.2
Данные/25_12-20/25_12-20.mp4,585,29880,ml/output/frames/25_12-20/000585.jpg,3840,2160,0.5,5254.4
Данные/25_12-20/25_12-20.mp4,590,30136,ml/output/frames/25_12-20/000590.jpg,3840,2160,0.5,3870.2
Данные/25_12-20/25_12-20.mp4,595,30391,ml/output/frames/25_12-20/000595.jpg,3840,2160,0.5,3917.7
Данные/25_12-20/25_12-20.mp4,600,30647,ml/output/frames/25_12-20/000600.jpg,3840,2160,0.5,3794.7
Данные/25_12-20/25_12-20.mp4,605,30902,ml/output/frames/25_12-20/000605.jpg,3840,2160,0.5,3568.8
Данные/25_12-20/25_12-20.mp4,610,31157,ml/output/frames/25_12-20/000610.jpg,3840,2160,0.5,3815.8
Данные/25_12-20/25_12-20.mp4,615,31413,ml/output/frames/25_12-20/000615.jpg,3840,2160,0.5,3342.7
Данные/25_12-20/25_12-20.mp4,620,31668,ml/output/frames/25_12-20/000620.jpg,3840,2160,0.5,3347.7
Данные/25_12-20/25_12-20.mp4,625,31924,ml/output/frames/25_12-20/000625.jpg,3840,2160,0.5,3167.6
Данные/25_12-20/25_12-20.mp4,630,32179,ml/output/frames/25_12-20/000630.jpg,3840,2160,0.5,3552.8
Данные/25_12-20/25_12-20.mp4,635,32434,ml/output/frames/25_12-20/000635.jpg,3840,2160,0.5,3343.8
Данные/25_12-20/25_12-20.mp4,640,32690,ml/output/frames/25_12-20/000640.jpg,3840,2160,0.5,3976.3
Данные/25_12-20/25_12-20.mp4,645,32945,ml/output/frames/25_12-20/000645.jpg,3840,2160,0.5,2910.0
Данные/25_12-20/25_12-20.mp4,650,33201,ml/output/frames/25_12-20/000650.jpg,3840,2160,0.5,2744.2
Данные/25_12-20/25_12-20.mp4,655,33456,ml/output/frames/25_12-20/000655.jpg,3840,2160,0.5,2822.2
Данные/25_12-20/25_12-20.mp4,660,33711,ml/output/frames/25_12-20/000660.jpg,3840,2160,0.5,2730.6
Данные/25_12-20/25_12-20.mp4,665,33967,ml/output/frames/25_12-20/000665.jpg,3840,2160,0.5,2608.5
Данные/25_12-20/25_12-20.mp4,670,34222,ml/output/frames/25_12-20/000670.jpg,3840,2160,0.5,2415.5
Данные/25_12-20/25_12-20.mp4,675,34477,ml/output/frames/25_12-20/000675.jpg,3840,2160,0.5,2300.7
Данные/25_12-20/25_12-20.mp4,680,34733,ml/output/frames/25_12-20/000680.jpg,3840,2160,0.5,2414.1
Данные/25_12-20/25_12-20.mp4,685,34988,ml/output/frames/25_12-20/000685.jpg,3840,2160,0.5,2575.5
Данные/25_12-20/25_12-20.mp4,690,35244,ml/output/frames/25_12-20/000690.jpg,3840,2160,0.5,2517.1
Данные/25_12-20/25_12-20.mp4,695,35499,ml/output/frames/25_12-20/000695.jpg,3840,2160,0.5,2751.5
Данные/25_12-20/25_12-20.mp4,700,35754,ml/output/frames/25_12-20/000700.jpg,3840,2160,0.5,2897.8
Данные/25_12-20/25_12-20.mp4,705,36010,ml/output/frames/25_12-20/000705.jpg,3840,2160,0.5,2429.4
Данные/25_12-20/25_12-20.mp4,710,36265,ml/output/frames/25_12-20/000710.jpg,3840,2160,0.5,2437.8
Данные/25_12-20/25_12-20.mp4,715,36521,ml/output/frames/25_12-20/000715.jpg,3840,2160,0.5,2957.2
Данные/25_12-20/25_12-20.mp4,720,36776,ml/output/frames/25_12-20/000720.jpg,3840,2160,0.5,3025.4
Данные/25_12-20/25_12-20.mp4,725,37031,ml/output/frames/25_12-20/000725.jpg,3840,2160,0.5,2825.1
Данные/25_12-20/25_12-20.mp4,730,37287,ml/output/frames/25_12-20/000730.jpg,3840,2160,0.5,2695.3
Данные/25_12-20/25_12-20.mp4,735,37542,ml/output/frames/25_12-20/000735.jpg,3840,2160,0.5,2800.9
Данные/25_12-20/25_12-20.mp4,740,37798,ml/output/frames/25_12-20/000740.jpg,3840,2160,0.5,2944.4
Данные/25_12-20/25_12-20.mp4,745,38053,ml/output/frames/25_12-20/000745.jpg,3840,2160,0.5,2672.5
Данные/25_12-20/25_12-20.mp4,750,38308,ml/output/frames/25_12-20/000750.jpg,3840,2160,0.5,2899.2
Данные/25_12-20/25_12-20.mp4,755,38564,ml/output/frames/25_12-20/000755.jpg,3840,2160,0.5,2682.8
Данные/25_12-20/25_12-20.mp4,760,38819,ml/output/frames/25_12-20/000760.jpg,3840,2160,0.5,2935.3
Данные/25_12-20/25_12-20.mp4,765,39074,ml/output/frames/25_12-20/000765.jpg,3840,2160,0.5,2880.8
Данные/25_12-20/25_12-20.mp4,770,39330,ml/output/frames/25_12-20/000770.jpg,3840,2160,0.5,2945.4
Данные/25_12-20/25_12-20.mp4,775,39585,ml/output/frames/25_12-20/000775.jpg,3840,2160,0.5,2961.0
Данные/25_12-20/25_12-20.mp4,780,39841,ml/output/frames/25_12-20/000780.jpg,3840,2160,0.5,2973.4
Данные/25_12-20/25_12-20.mp4,785,40096,ml/output/frames/25_12-20/000785.jpg,3840,2160,0.5,2679.9
Данные/25_12-20/25_12-20.mp4,790,40351,ml/output/frames/25_12-20/000790.jpg,3840,2160,0.5,2603.4
Данные/25_12-20/25_12-20.mp4,795,40607,ml/output/frames/25_12-20/000795.jpg,3840,2160,0.5,2794.4
Данные/25_12-20/25_12-20.mp4,800,40862,ml/output/frames/25_12-20/000800.jpg,3840,2160,0.5,3230.3
Данные/25_12-20/25_12-20.mp4,805,41118,ml/output/frames/25_12-20/000805.jpg,3840,2160,0.5,3003.3
Данные/25_12-20/25_12-20.mp4,810,41373,ml/output/frames/25_12-20/000810.jpg,3840,2160,0.5,2788.0
Данные/25_12-20/25_12-20.mp4,815,41628,ml/output/frames/25_12-20/000815.jpg,3840,2160,0.5,2659.8
Данные/25_12-20/25_12-20.mp4,820,41884,ml/output/frames/25_12-20/000820.jpg,3840,2160,0.5,2819.3
Данные/26_12-20/26_12-20.mp4,0,0,ml/output/frames/26_12-20/000000.jpg,3840,2160,0.5,5646.4
Данные/26_12-20/26_12-20.mp4,5,250,ml/output/frames/26_12-20/000005.jpg,3840,2160,0.5,3097.0
Данные/26_12-20/26_12-20.mp4,10,500,ml/output/frames/26_12-20/000010.jpg,3840,2160,0.5,2490.1
Данные/26_12-20/26_12-20.mp4,15,751,ml/output/frames/26_12-20/000015.jpg,3840,2160,0.5,2239.3
Данные/26_12-20/26_12-20.mp4,20,1001,ml/output/frames/26_12-20/000020.jpg,3840,2160,0.5,2369.1
Данные/26_12-20/26_12-20.mp4,25,1251,ml/output/frames/26_12-20/000025.jpg,3840,2160,0.5,2109.7
Данные/26_12-20/26_12-20.mp4,30,1501,ml/output/frames/26_12-20/000030.jpg,3840,2160,0.5,1968.6
Данные/26_12-20/26_12-20.mp4,35,1752,ml/output/frames/26_12-20/000035.jpg,3840,2160,0.5,2057.5
Данные/26_12-20/26_12-20.mp4,40,2002,ml/output/frames/26_12-20/000040.jpg,3840,2160,0.5,1461.2
Данные/26_12-20/26_12-20.mp4,45,2252,ml/output/frames/26_12-20/000045.jpg,3840,2160,0.5,1884.3
Данные/26_12-20/26_12-20.mp4,50,2502,ml/output/frames/26_12-20/000050.jpg,3840,2160,0.5,2260.3
Данные/26_12-20/26_12-20.mp4,55,2753,ml/output/frames/26_12-20/000055.jpg,3840,2160,0.5,2263.3
Данные/26_12-20/26_12-20.mp4,60,3003,ml/output/frames/26_12-20/000060.jpg,3840,2160,0.5,2606.4
Данные/26_12-20/26_12-20.mp4,65,3253,ml/output/frames/26_12-20/000065.jpg,3840,2160,0.5,2547.9
Данные/26_12-20/26_12-20.mp4,70,3503,ml/output/frames/26_12-20/000070.jpg,3840,2160,0.5,2683.9
Данные/26_12-20/26_12-20.mp4,75,3754,ml/output/frames/26_12-20/000075.jpg,3840,2160,0.5,2488.7
Данные/26_12-20/26_12-20.mp4,80,4004,ml/output/frames/26_12-20/000080.jpg,3840,2160,0.5,2631.7
Данные/26_12-20/26_12-20.mp4,85,4254,ml/output/frames/26_12-20/000085.jpg,3840,2160,0.5,2554.6
Данные/26_12-20/26_12-20.mp4,90,4504,ml/output/frames/26_12-20/000090.jpg,3840,2160,0.5,2542.0
Данные/26_12-20/26_12-20.mp4,95,4755,ml/output/frames/26_12-20/000095.jpg,3840,2160,0.5,2538.1
Данные/26_12-20/26_12-20.mp4,100,5005,ml/output/frames/26_12-20/000100.jpg,3840,2160,0.5,3054.4
Данные/26_12-20/26_12-20.mp4,105,5255,ml/output/frames/26_12-20/000105.jpg,3840,2160,0.5,2929.4
Данные/26_12-20/26_12-20.mp4,110,5505,ml/output/frames/26_12-20/000110.jpg,3840,2160,0.5,3195.1
Данные/26_12-20/26_12-20.mp4,115,5756,ml/output/frames/26_12-20/000115.jpg,3840,2160,0.5,2979.2
Данные/26_12-20/26_12-20.mp4,120,6006,ml/output/frames/26_12-20/000120.jpg,3840,2160,0.5,2850.3
Данные/26_12-20/26_12-20.mp4,125,6256,ml/output/frames/26_12-20/000125.jpg,3840,2160,0.5,2985.1
Данные/26_12-20/26_12-20.mp4,130,6506,ml/output/frames/26_12-20/000130.jpg,3840,2160,0.5,3976.7
Данные/26_12-20/26_12-20.mp4,135,6757,ml/output/frames/26_12-20/000135.jpg,3840,2160,0.5,4339.9
Данные/26_12-20/26_12-20.mp4,145,7257,ml/output/frames/26_12-20/000145.jpg,3840,2160,0.5,5625.6
Данные/26_12-20/26_12-20.mp4,180,9009,ml/output/frames/26_12-20/000180.jpg,3840,2160,0.5,4012.2
Данные/26_12-20/26_12-20.mp4,185,9259,ml/output/frames/26_12-20/000185.jpg,3840,2160,0.5,2912.0
Данные/26_12-20/26_12-20.mp4,190,9509,ml/output/frames/26_12-20/000190.jpg,3840,2160,0.5,2459.7
Данные/26_12-20/26_12-20.mp4,195,9760,ml/output/frames/26_12-20/000195.jpg,3840,2160,0.5,3916.7
Данные/26_12-20/26_12-20.mp4,200,10010,ml/output/frames/26_12-20/000200.jpg,3840,2160,0.5,2583.2
Данные/26_12-20/26_12-20.mp4,205,10260,ml/output/frames/26_12-20/000205.jpg,3840,2160,0.5,3086.9
Данные/26_12-20/26_12-20.mp4,210,10510,ml/output/frames/26_12-20/000210.jpg,3840,2160,0.5,3465.3
Данные/26_12-20/26_12-20.mp4,215,10761,ml/output/frames/26_12-20/000215.jpg,3840,2160,0.5,3456.3
Данные/26_12-20/26_12-20.mp4,220,11011,ml/output/frames/26_12-20/000220.jpg,3840,2160,0.5,3512.0
Данные/26_12-20/26_12-20.mp4,225,11261,ml/output/frames/26_12-20/000225.jpg,3840,2160,0.5,2947.6
Данные/26_12-20/26_12-20.mp4,230,11511,ml/output/frames/26_12-20/000230.jpg,3840,2160,0.5,2792.1
Данные/26_12-20/26_12-20.mp4,235,11762,ml/output/frames/26_12-20/000235.jpg,3840,2160,0.5,2849.0
Данные/26_12-20/26_12-20.mp4,240,12012,ml/output/frames/26_12-20/000240.jpg,3840,2160,0.5,2927.2
Данные/26_12-20/26_12-20.mp4,245,12262,ml/output/frames/26_12-20/000245.jpg,3840,2160,0.5,2771.2
Данные/26_12-20/26_12-20.mp4,250,12512,ml/output/frames/26_12-20/000250.jpg,3840,2160,0.5,2843.4
Данные/26_12-20/26_12-20.mp4,255,12763,ml/output/frames/26_12-20/000255.jpg,3840,2160,0.5,2654.3
Данные/26_12-20/26_12-20.mp4,260,13013,ml/output/frames/26_12-20/000260.jpg,3840,2160,0.5,2753.9
Данные/26_12-20/26_12-20.mp4,265,13263,ml/output/frames/26_12-20/000265.jpg,3840,2160,0.5,2602.7
Данные/26_12-20/26_12-20.mp4,270,13513,ml/output/frames/26_12-20/000270.jpg,3840,2160,0.5,2736.1
Данные/26_12-20/26_12-20.mp4,275,13764,ml/output/frames/26_12-20/000275.jpg,3840,2160,0.5,2762.1
Данные/26_12-20/26_12-20.mp4,280,14014,ml/output/frames/26_12-20/000280.jpg,3840,2160,0.5,2360.9
Данные/26_12-20/26_12-20.mp4,285,14264,ml/output/frames/26_12-20/000285.jpg,3840,2160,0.5,2571.1
Данные/26_12-20/26_12-20.mp4,290,14514,ml/output/frames/26_12-20/000290.jpg,3840,2160,0.5,2456.3
Данные/26_12-20/26_12-20.mp4,295,14765,ml/output/frames/26_12-20/000295.jpg,3840,2160,0.5,2681.8
Данные/26_12-20/26_12-20.mp4,300,15015,ml/output/frames/26_12-20/000300.jpg,3840,2160,0.5,2848.0
Данные/26_12-20/26_12-20.mp4,305,15265,ml/output/frames/26_12-20/000305.jpg,3840,2160,0.5,3415.6
Данные/26_12-20/26_12-20.mp4,310,15515,ml/output/frames/26_12-20/000310.jpg,3840,2160,0.5,3993.9
Данные/26_12-20/26_12-20.mp4,325,16266,ml/output/frames/26_12-20/000325.jpg,3840,2160,0.5,5471.6
Данные/26_12-20/26_12-20.mp4,345,17267,ml/output/frames/26_12-20/000345.jpg,3840,2160,0.5,1948.8
Данные/26_12-20/26_12-20.mp4,360,18018,ml/output/frames/26_12-20/000360.jpg,3840,2160,0.5,1872.3
Данные/26_12-20/26_12-20.mp4,365,18268,ml/output/frames/26_12-20/000365.jpg,3840,2160,0.5,1622.9
Данные/26_12-20/26_12-20.mp4,370,18518,ml/output/frames/26_12-20/000370.jpg,3840,2160,0.5,1501.7
Данные/26_12-20/26_12-20.mp4,375,18769,ml/output/frames/26_12-20/000375.jpg,3840,2160,0.5,1995.4
Данные/26_12-20/26_12-20.mp4,380,19019,ml/output/frames/26_12-20/000380.jpg,3840,2160,0.5,2106.4
Данные/26_12-20/26_12-20.mp4,385,19269,ml/output/frames/26_12-20/000385.jpg,3840,2160,0.5,2270.6
Данные/26_12-20/26_12-20.mp4,390,19519,ml/output/frames/26_12-20/000390.jpg,3840,2160,0.5,2163.5
Данные/26_12-20/26_12-20.mp4,395,19770,ml/output/frames/26_12-20/000395.jpg,3840,2160,0.5,2210.4
Данные/26_12-20/26_12-20.mp4,400,20020,ml/output/frames/26_12-20/000400.jpg,3840,2160,0.5,2094.4
Данные/26_12-20/26_12-20.mp4,405,20270,ml/output/frames/26_12-20/000405.jpg,3840,2160,0.5,2082.0
Данные/26_12-20/26_12-20.mp4,410,20520,ml/output/frames/26_12-20/000410.jpg,3840,2160,0.5,1990.4
Данные/26_12-20/26_12-20.mp4,415,20771,ml/output/frames/26_12-20/000415.jpg,3840,2160,0.5,1820.0
Данные/26_12-20/26_12-20.mp4,420,21021,ml/output/frames/26_12-20/000420.jpg,3840,2160,0.5,1960.6
Данные/26_12-20/26_12-20.mp4,425,21271,ml/output/frames/26_12-20/000425.jpg,3840,2160,0.5,2137.0
Данные/26_12-20/26_12-20.mp4,430,21521,ml/output/frames/26_12-20/000430.jpg,3840,2160,0.5,2107.9
Данные/26_12-20/26_12-20.mp4,435,21772,ml/output/frames/26_12-20/000435.jpg,3840,2160,0.5,2531.0
Данные/26_12-20/26_12-20.mp4,440,22022,ml/output/frames/26_12-20/000440.jpg,3840,2160,0.5,3201.6
Данные/26_12-20/26_12-20.mp4,450,22522,ml/output/frames/26_12-20/000450.jpg,3840,2160,0.5,3897.8
Данные/26_12-20/26_12-20.mp4,465,23273,ml/output/frames/26_12-20/000465.jpg,3840,2160,0.5,4889.2
Данные/26_12-20/26_12-20.mp4,485,24274,ml/output/frames/26_12-20/000485.jpg,3840,2160,0.5,4720.1
Данные/26_12-20/26_12-20.mp4,490,24524,ml/output/frames/26_12-20/000490.jpg,3840,2160,0.5,3300.7
Данные/26_12-20/26_12-20.mp4,495,24775,ml/output/frames/26_12-20/000495.jpg,3840,2160,0.5,1538.1
Данные/26_12-20/26_12-20.mp4,500,25025,ml/output/frames/26_12-20/000500.jpg,3840,2160,0.5,1493.4
Данные/26_12-20/26_12-20.mp4,505,25275,ml/output/frames/26_12-20/000505.jpg,3840,2160,0.5,1915.6
Данные/26_12-20/26_12-20.mp4,510,25525,ml/output/frames/26_12-20/000510.jpg,3840,2160,0.5,2085.5
Данные/26_12-20/26_12-20.mp4,515,25776,ml/output/frames/26_12-20/000515.jpg,3840,2160,0.5,2146.4
Данные/26_12-20/26_12-20.mp4,520,26026,ml/output/frames/26_12-20/000520.jpg,3840,2160,0.5,2705.9
Данные/26_12-20/26_12-20.mp4,525,26276,ml/output/frames/26_12-20/000525.jpg,3840,2160,0.5,2241.9
Данные/26_12-20/26_12-20.mp4,530,26526,ml/output/frames/26_12-20/000530.jpg,3840,2160,0.5,2135.4
Данные/26_12-20/26_12-20.mp4,535,26777,ml/output/frames/26_12-20/000535.jpg,3840,2160,0.5,2213.4
Данные/26_12-20/26_12-20.mp4,540,27027,ml/output/frames/26_12-20/000540.jpg,3840,2160,0.5,2496.0
Данные/26_12-20/26_12-20.mp4,545,27277,ml/output/frames/26_12-20/000545.jpg,3840,2160,0.5,2061.7
Данные/26_12-20/26_12-20.mp4,550,27527,ml/output/frames/26_12-20/000550.jpg,3840,2160,0.5,1801.2
Данные/26_12-20/26_12-20.mp4,555,27778,ml/output/frames/26_12-20/000555.jpg,3840,2160,0.5,2800.1
Данные/26_12-20/26_12-20.mp4,560,28028,ml/output/frames/26_12-20/000560.jpg,3840,2160,0.5,2350.3
Данные/26_12-20/26_12-20.mp4,565,28278,ml/output/frames/26_12-20/000565.jpg,3840,2160,0.5,2322.6
Данные/26_12-20/26_12-20.mp4,570,28528,ml/output/frames/26_12-20/000570.jpg,3840,2160,0.5,2164.5
Данные/26_12-20/26_12-20.mp4,575,28779,ml/output/frames/26_12-20/000575.jpg,3840,2160,0.5,3128.2
Данные/26_12-20/26_12-20.mp4,580,29029,ml/output/frames/26_12-20/000580.jpg,3840,2160,0.5,3776.1
Данные/26_12-20/26_12-20.mp4,595,29780,ml/output/frames/26_12-20/000595.jpg,3840,2160,0.5,4947.3
Данные/26_12-20/26_12-20.mp4,625,31281,ml/output/frames/26_12-20/000625.jpg,3840,2160,0.5,3600.2
Данные/26_12-20/26_12-20.mp4,630,31531,ml/output/frames/26_12-20/000630.jpg,3840,2160,0.5,2542.4
Данные/26_12-20/26_12-20.mp4,635,31782,ml/output/frames/26_12-20/000635.jpg,3840,2160,0.5,2003.2
Данные/26_12-20/26_12-20.mp4,640,32032,ml/output/frames/26_12-20/000640.jpg,3840,2160,0.5,1229.4
Данные/26_12-20/26_12-20.mp4,645,32282,ml/output/frames/26_12-20/000645.jpg,3840,2160,0.5,2260.6
Данные/26_12-20/26_12-20.mp4,650,32532,ml/output/frames/26_12-20/000650.jpg,3840,2160,0.5,3082.1
Данные/26_12-20/26_12-20.mp4,660,33033,ml/output/frames/26_12-20/000660.jpg,3840,2160,0.5,4390.7
Данные/26_12-20/26_12-20.mp4,675,33784,ml/output/frames/26_12-20/000675.jpg,3840,2160,0.5,4185.9
Данные/26_12-20/26_12-20.mp4,680,34034,ml/output/frames/26_12-20/000680.jpg,3840,2160,0.5,3198.2
Данные/26_12-20/26_12-20.mp4,685,34284,ml/output/frames/26_12-20/000685.jpg,3840,2160,0.5,3205.9
Данные/26_12-20/26_12-20.mp4,700,35035,ml/output/frames/26_12-20/000700.jpg,3840,2160,0.5,4664.1
Данные/26_12-20/26_12-20.mp4,710,35535,ml/output/frames/26_12-20/000710.jpg,3840,2160,0.5,3524.4
Данные/26_12-20/26_12-20.mp4,715,35786,ml/output/frames/26_12-20/000715.jpg,3840,2160,0.5,2639.1
Данные/26_12-20/26_12-20.mp4,720,36036,ml/output/frames/26_12-20/000720.jpg,3840,2160,0.5,1436.4
Данные/26_12-20/26_12-20.mp4,725,36286,ml/output/frames/26_12-20/000725.jpg,3840,2160,0.5,1804.2
Данные/26_12-20/26_12-20.mp4,730,36536,ml/output/frames/26_12-20/000730.jpg,3840,2160,0.5,2109.4
Данные/26_12-20/26_12-20.mp4,735,36787,ml/output/frames/26_12-20/000735.jpg,3840,2160,0.5,2755.7
Данные/26_12-20/26_12-20.mp4,740,37037,ml/output/frames/26_12-20/000740.jpg,3840,2160,0.5,3085.0
Данные/26_12-20/26_12-20.mp4,745,37287,ml/output/frames/26_12-20/000745.jpg,3840,2160,0.5,3206.6
Данные/26_12-20/26_12-20.mp4,755,37788,ml/output/frames/26_12-20/000755.jpg,3840,2160,0.5,3802.3
Данные/26_12-20/26_12-20.mp4,770,38538,ml/output/frames/26_12-20/000770.jpg,3840,2160,0.5,2514.7
Данные/26_12-20/26_12-20.mp4,775,38789,ml/output/frames/26_12-20/000775.jpg,3840,2160,0.5,2878.4
Данные/26_12-20/26_12-20.mp4,780,39039,ml/output/frames/26_12-20/000780.jpg,3840,2160,0.5,3566.4
Данные/26_12-20/26_12-20.mp4,790,39539,ml/output/frames/26_12-20/000790.jpg,3840,2160,0.5,3391.1
Данные/26_12-20/26_12-20.mp4,795,39790,ml/output/frames/26_12-20/000795.jpg,3840,2160,0.5,2389.7
Данные/26_12-20/26_12-20.mp4,800,40040,ml/output/frames/26_12-20/000800.jpg,3840,2160,0.5,2043.2
Данные/26_12-20/26_12-20.mp4,805,40290,ml/output/frames/26_12-20/000805.jpg,3840,2160,0.5,2047.3
Данные/26_12-20/26_12-20.mp4,810,40540,ml/output/frames/26_12-20/000810.jpg,3840,2160,0.5,1956.5
Данные/26_12-20/26_12-20.mp4,815,40791,ml/output/frames/26_12-20/000815.jpg,3840,2160,0.5,2200.5
Данные/26_12-20/26_12-20.mp4,820,41041,ml/output/frames/26_12-20/000820.jpg,3840,2160,0.5,2058.5
Данные/26_12-20/26_12-20.mp4,825,41291,ml/output/frames/26_12-20/000825.jpg,3840,2160,0.5,2145.1
Данные/26_12-20/26_12-20.mp4,830,41541,ml/output/frames/26_12-20/000830.jpg,3840,2160,0.5,2325.2
Данные/26_12-20/26_12-20.mp4,835,41792,ml/output/frames/26_12-20/000835.jpg,3840,2160,0.5,2470.8
Данные/26_12-20/26_12-20.mp4,840,42042,ml/output/frames/26_12-20/000840.jpg,3840,2160,0.5,2684.8
Данные/26_12-20/26_12-20.mp4,845,42292,ml/output/frames/26_12-20/000845.jpg,3840,2160,0.5,2619.6
Данные/26_12-20/26_12-20.mp4,850,42542,ml/output/frames/26_12-20/000850.jpg,3840,2160,0.5,2706.2
Данные/26_12-20/26_12-20.mp4,855,42793,ml/output/frames/26_12-20/000855.jpg,3840,2160,0.5,3260.3
Данные/26_12-20/26_12-20.mp4,860,43043,ml/output/frames/26_12-20/000860.jpg,3840,2160,0.5,3941.5
Данные/26_12-20/26_12-20.mp4,865,43293,ml/output/frames/26_12-20/000865.jpg,3840,2160,0.5,4241.5
Данные/26_12-20/26_12-20.mp4,880,44044,ml/output/frames/26_12-20/000880.jpg,3840,2160,0.5,5627.3
Данные/26_12-20/26_12-20.mp4,900,45045,ml/output/frames/26_12-20/000900.jpg,3840,2160,0.5,1981.0
Данные/26_12-20/26_12-20.mp4,920,46046,ml/output/frames/26_12-20/000920.jpg,3840,2160,0.5,2008.9
Данные/26_12-20/26_12-20.mp4,925,46296,ml/output/frames/26_12-20/000925.jpg,3840,2160,0.5,2412.8
Данные/26_12-20/26_12-20.mp4,930,46546,ml/output/frames/26_12-20/000930.jpg,3840,2160,0.5,2384.2
Данные/26_12-20/26_12-20.mp4,935,46797,ml/output/frames/26_12-20/000935.jpg,3840,2160,0.5,2438.4
Данные/26_12-20/26_12-20.mp4,940,47047,ml/output/frames/26_12-20/000940.jpg,3840,2160,0.5,2180.2
Данные/26_12-20/26_12-20.mp4,945,47297,ml/output/frames/26_12-20/000945.jpg,3840,2160,0.5,2234.2
Данные/26_12-20/26_12-20.mp4,950,47547,ml/output/frames/26_12-20/000950.jpg,3840,2160,0.5,2382.7
Данные/26_12-20/26_12-20.mp4,955,47798,ml/output/frames/26_12-20/000955.jpg,3840,2160,0.5,2672.7
Данные/26_12-20/26_12-20.mp4,960,48048,ml/output/frames/26_12-20/000960.jpg,3840,2160,0.5,2054.8
Данные/26_12-20/26_12-20.mp4,965,48298,ml/output/frames/26_12-20/000965.jpg,3840,2160,0.5,2143.7
Данные/26_12-20/26_12-20.mp4,970,48548,ml/output/frames/26_12-20/000970.jpg,3840,2160,0.5,2152.1
Данные/26_12-20/26_12-20.mp4,975,48799,ml/output/frames/26_12-20/000975.jpg,3840,2160,0.5,2288.7
Данные/26_12-20/26_12-20.mp4,980,49049,ml/output/frames/26_12-20/000980.jpg,3840,2160,0.5,2336.6
Данные/26_12-20/26_12-20.mp4,985,49299,ml/output/frames/26_12-20/000985.jpg,3840,2160,0.5,2292.8
Данные/26_12-20/26_12-20.mp4,990,49549,ml/output/frames/26_12-20/000990.jpg,3840,2160,0.5,2345.8
Данные/26_12-20/26_12-20.mp4,995,49800,ml/output/frames/26_12-20/000995.jpg,3840,2160,0.5,2923.1
Данные/26_12-20/26_12-20.mp4,1000,50050,ml/output/frames/26_12-20/001000.jpg,3840,2160,0.5,3046.1
Данные/26_12-20/26_12-20.mp4,1005,50300,ml/output/frames/26_12-20/001005.jpg,3840,2160,0.5,3349.2
Данные/26_12-20/26_12-20.mp4,1020,51051,ml/output/frames/26_12-20/001020.jpg,3840,2160,0.5,4717.5
Данные/26_12-20/26_12-20.mp4,1055,52803,ml/output/frames/26_12-20/001055.jpg,3840,2160,0.5,4154.2
Данные/26_12-20/26_12-20.mp4,1060,53053,ml/output/frames/26_12-20/001060.jpg,3840,2160,0.5,2789.7
Данные/26_12-20/26_12-20.mp4,1065,53303,ml/output/frames/26_12-20/001065.jpg,3840,2160,0.5,2328.4
Данные/26_12-20/26_12-20.mp4,1070,53553,ml/output/frames/26_12-20/001070.jpg,3840,2160,0.5,2259.7
Данные/26_12-20/26_12-20.mp4,1075,53804,ml/output/frames/26_12-20/001075.jpg,3840,2160,0.5,2242.3
Данные/26_12-20/26_12-20.mp4,1080,54054,ml/output/frames/26_12-20/001080.jpg,3840,2160,0.5,2231.3
Данные/26_12-20/26_12-20.mp4,1085,54304,ml/output/frames/26_12-20/001085.jpg,3840,2160,0.5,2283.8
Данные/26_12-20/26_12-20.mp4,1090,54554,ml/output/frames/26_12-20/001090.jpg,3840,2160,0.5,2261.3
Данные/26_12-20/26_12-20.mp4,1095,54805,ml/output/frames/26_12-20/001095.jpg,3840,2160,0.5,2165.7
Данные/26_12-20/26_12-20.mp4,1100,55055,ml/output/frames/26_12-20/001100.jpg,3840,2160,0.5,2149.9
Данные/26_12-20/26_12-20.mp4,1105,55305,ml/output/frames/26_12-20/001105.jpg,3840,2160,0.5,2067.3
Данные/26_12-20/26_12-20.mp4,1110,55555,ml/output/frames/26_12-20/001110.jpg,3840,2160,0.5,2015.7
Данные/26_12-20/26_12-20.mp4,1115,55806,ml/output/frames/26_12-20/001115.jpg,3840,2160,0.5,1875.9
Данные/26_12-20/26_12-20.mp4,1120,56056,ml/output/frames/26_12-20/001120.jpg,3840,2160,0.5,2244.4
Данные/26_12-20/26_12-20.mp4,1125,56306,ml/output/frames/26_12-20/001125.jpg,3840,2160,0.5,1971.3
Данные/26_12-20/26_12-20.mp4,1130,56556,ml/output/frames/26_12-20/001130.jpg,3840,2160,0.5,2081.2
Данные/26_12-20/26_12-20.mp4,1135,56807,ml/output/frames/26_12-20/001135.jpg,3840,2160,0.5,1965.7
Данные/26_12-20/26_12-20.mp4,1140,57057,ml/output/frames/26_12-20/001140.jpg,3840,2160,0.5,1919.8
Данные/26_12-20/26_12-20.mp4,1145,57307,ml/output/frames/26_12-20/001145.jpg,3840,2160,0.5,2621.0
Данные/26_12-20/26_12-20.mp4,1150,57557,ml/output/frames/26_12-20/001150.jpg,3840,2160,0.5,3057.1
Данные/26_12-20/26_12-20.mp4,1155,57808,ml/output/frames/26_12-20/001155.jpg,3840,2160,0.5,3432.8
Данные/26_12-20/26_12-20.mp4,1180,59059,ml/output/frames/26_12-20/001180.jpg,3840,2160,0.5,4354.5
Данные/26_12-20/26_12-20.mp4,1195,59810,ml/output/frames/26_12-20/001195.jpg,3840,2160,0.5,2649.7
Данные/26_12-20/26_12-20.mp4,1200,60060,ml/output/frames/26_12-20/001200.jpg,3840,2160,0.5,1563.8
Данные/26_12-20/26_12-20.mp4,1205,60310,ml/output/frames/26_12-20/001205.jpg,3840,2160,0.5,1764.9
Данные/26_12-20/26_12-20.mp4,1210,60560,ml/output/frames/26_12-20/001210.jpg,3840,2160,0.5,1667.6
Данные/26_12-20/26_12-20.mp4,1215,60811,ml/output/frames/26_12-20/001215.jpg,3840,2160,0.5,1504.8
Данные/26_12-20/26_12-20.mp4,1220,61061,ml/output/frames/26_12-20/001220.jpg,3840,2160,0.5,1682.7
Данные/26_12-20/26_12-20.mp4,1225,61311,ml/output/frames/26_12-20/001225.jpg,3840,2160,0.5,1602.9
Данные/26_12-20/26_12-20.mp4,1230,61561,ml/output/frames/26_12-20/001230.jpg,3840,2160,0.5,1514.4
Данные/26_12-20/26_12-20.mp4,1235,61812,ml/output/frames/26_12-20/001235.jpg,3840,2160,0.5,1387.9
Данные/26_12-20/26_12-20.mp4,1240,62062,ml/output/frames/26_12-20/001240.jpg,3840,2160,0.5,1581.9
Данные/26_12-20/26_12-20.mp4,1245,62312,ml/output/frames/26_12-20/001245.jpg,3840,2160,0.5,1802.7
Данные/26_12-20/26_12-20.mp4,1250,62562,ml/output/frames/26_12-20/001250.jpg,3840,2160,0.5,1411.6
Данные/26_12-20/26_12-20.mp4,1255,62813,ml/output/frames/26_12-20/001255.jpg,3840,2160,0.5,1564.0
Данные/26_12-20/26_12-20.mp4,1260,63063,ml/output/frames/26_12-20/001260.jpg,3840,2160,0.5,1723.9
Данные/26_12-20/26_12-20.mp4,1265,63313,ml/output/frames/26_12-20/001265.jpg,3840,2160,0.5,1766.6
Данные/26_12-20/26_12-20.mp4,1270,63563,ml/output/frames/26_12-20/001270.jpg,3840,2160,0.5,1900.0
Данные/26_12-20/26_12-20.mp4,1275,63814,ml/output/frames/26_12-20/001275.jpg,3840,2160,0.5,1788.0
Данные/26_12-20/26_12-20.mp4,1280,64064,ml/output/frames/26_12-20/001280.jpg,3840,2160,0.5,2035.4
Данные/26_12-20/26_12-20.mp4,1285,64314,ml/output/frames/26_12-20/001285.jpg,3840,2160,0.5,2746.0
Данные/26_12-20/26_12-20.mp4,1290,64564,ml/output/frames/26_12-20/001290.jpg,3840,2160,0.5,3097.0
Данные/26_12-20/26_12-20.mp4,1300,65065,ml/output/frames/26_12-20/001300.jpg,3840,2160,0.5,3819.2
Данные/26_12-20/26_12-20.mp4,1325,66316,ml/output/frames/26_12-20/001325.jpg,3840,2160,0.5,4578.9
Данные/26_12-20/26_12-20.mp4,1335,66817,ml/output/frames/26_12-20/001335.jpg,3840,2160,0.5,4284.8
Данные/26_12-20/26_12-20.mp4,1340,67067,ml/output/frames/26_12-20/001340.jpg,3840,2160,0.5,2570.1
Данные/26_12-20/26_12-20.mp4,1345,67317,ml/output/frames/26_12-20/001345.jpg,3840,2160,0.5,1890.9
Данные/26_12-20/26_12-20.mp4,1350,67567,ml/output/frames/26_12-20/001350.jpg,3840,2160,0.5,1830.7
Данные/26_12-20/26_12-20.mp4,1355,67818,ml/output/frames/26_12-20/001355.jpg,3840,2160,0.5,1982.1
Данные/26_12-20/26_12-20.mp4,1360,68068,ml/output/frames/26_12-20/001360.jpg,3840,2160,0.5,2105.1
Данные/26_12-20/26_12-20.mp4,1365,68318,ml/output/frames/26_12-20/001365.jpg,3840,2160,0.5,2121.5
Данные/26_12-20/26_12-20.mp4,1370,68568,ml/output/frames/26_12-20/001370.jpg,3840,2160,0.5,1623.8
Данные/26_12-20/26_12-20.mp4,1375,68819,ml/output/frames/26_12-20/001375.jpg,3840,2160,0.5,1675.5
Данные/26_12-20/26_12-20.mp4,1380,69069,ml/output/frames/26_12-20/001380.jpg,3840,2160,0.5,1581.0
Данные/26_12-20/26_12-20.mp4,1385,69319,ml/output/frames/26_12-20/001385.jpg,3840,2160,0.5,1621.7
Данные/26_12-20/26_12-20.mp4,1390,69569,ml/output/frames/26_12-20/001390.jpg,3840,2160,0.5,1684.6
Данные/26_12-20/26_12-20.mp4,1395,69820,ml/output/frames/26_12-20/001395.jpg,3840,2160,0.5,1613.0
Данные/26_12-20/26_12-20.mp4,1400,70070,ml/output/frames/26_12-20/001400.jpg,3840,2160,0.5,1719.9
Данные/26_12-20/26_12-20.mp4,1405,70320,ml/output/frames/26_12-20/001405.jpg,3840,2160,0.5,1647.4
Данные/26_12-20/26_12-20.mp4,1410,70570,ml/output/frames/26_12-20/001410.jpg,3840,2160,0.5,1812.9
Данные/26_12-20/26_12-20.mp4,1415,70821,ml/output/frames/26_12-20/001415.jpg,3840,2160,0.5,2498.1
Данные/26_12-20/26_12-20.mp4,1420,71071,ml/output/frames/26_12-20/001420.jpg,3840,2160,0.5,2790.1
Данные/26_12-20/26_12-20.mp4,1425,71321,ml/output/frames/26_12-20/001425.jpg,3840,2160,0.5,2887.0
Данные/26_12-20/26_12-20.mp4,1435,71822,ml/output/frames/26_12-20/001435.jpg,3840,2160,0.5,3928.5
Данные/26_12-20/26_12-20.mp4,1450,72572,ml/output/frames/26_12-20/001450.jpg,3840,2160,0.5,4735.6
Данные/26_12-20/26_12-20.mp4,1460,73073,ml/output/frames/26_12-20/001460.jpg,3840,2160,0.5,3831.3
Данные/26_12-20/26_12-20.mp4,1465,73323,ml/output/frames/26_12-20/001465.jpg,3840,2160,0.5,2573.8
Данные/26_12-20/26_12-20.mp4,1470,73573,ml/output/frames/26_12-20/001470.jpg,3840,2160,0.5,1868.0
Данные/26_12-20/26_12-20.mp4,1475,73824,ml/output/frames/26_12-20/001475.jpg,3840,2160,0.5,1851.5
Данные/26_12-20/26_12-20.mp4,1480,74074,ml/output/frames/26_12-20/001480.jpg,3840,2160,0.5,1872.3
Данные/26_12-20/26_12-20.mp4,1485,74324,ml/output/frames/26_12-20/001485.jpg,3840,2160,0.5,1785.5
Данные/26_12-20/26_12-20.mp4,1490,74574,ml/output/frames/26_12-20/001490.jpg,3840,2160,0.5,1721.2
Данные/26_12-20/26_12-20.mp4,1495,74825,ml/output/frames/26_12-20/001495.jpg,3840,2160,0.5,1786.5
Данные/26_12-20/26_12-20.mp4,1500,75075,ml/output/frames/26_12-20/001500.jpg,3840,2160,0.5,1770.6
Данные/26_12-20/26_12-20.mp4,1505,75325,ml/output/frames/26_12-20/001505.jpg,3840,2160,0.5,1679.2
Данные/26_12-20/26_12-20.mp4,1510,75575,ml/output/frames/26_12-20/001510.jpg,3840,2160,0.5,1607.2
Данные/26_12-20/26_12-20.mp4,1515,75826,ml/output/frames/26_12-20/001515.jpg,3840,2160,0.5,1620.1
Данные/26_12-20/26_12-20.mp4,1520,76076,ml/output/frames/26_12-20/001520.jpg,3840,2160,0.5,1675.9
Данные/26_12-20/26_12-20.mp4,1525,76326,ml/output/frames/26_12-20/001525.jpg,3840,2160,0.5,1807.7
Данные/26_12-20/26_12-20.mp4,1530,76576,ml/output/frames/26_12-20/001530.jpg,3840,2160,0.5,1564.1
Данные/26_12-20/26_12-20.mp4,1535,76827,ml/output/frames/26_12-20/001535.jpg,3840,2160,0.5,1905.4
Данные/26_12-20/26_12-20.mp4,1540,77077,ml/output/frames/26_12-20/001540.jpg,3840,2160,0.5,3188.9
Данные/26_12-20/26_12-20.mp4,1545,77327,ml/output/frames/26_12-20/001545.jpg,3840,2160,0.5,3389.7
Данные/26_12-20/26_12-20.mp4,1560,78078,ml/output/frames/26_12-20/001560.jpg,3840,2160,0.5,4401.1
Данные/26_12-20/26_12-20.mp4,1570,78578,ml/output/frames/26_12-20/001570.jpg,3840,2160,0.5,3490.5
Данные/26_12-20/26_12-20.mp4,1575,78829,ml/output/frames/26_12-20/001575.jpg,3840,2160,0.5,2705.6
Данные/26_12-20/26_12-20.mp4,1580,79079,ml/output/frames/26_12-20/001580.jpg,3840,2160,0.5,2155.8
Данные/26_12-20/26_12-20.mp4,1585,79329,ml/output/frames/26_12-20/001585.jpg,3840,2160,0.5,1947.3
Данные/26_12-20/26_12-20.mp4,1590,79579,ml/output/frames/26_12-20/001590.jpg,3840,2160,0.5,1983.6
Данные/26_12-20/26_12-20.mp4,1595,79830,ml/output/frames/26_12-20/001595.jpg,3840,2160,0.5,1857.9
Данные/26_12-20/26_12-20.mp4,1600,80080,ml/output/frames/26_12-20/001600.jpg,3840,2160,0.5,1769.5
Данные/26_12-20/26_12-20.mp4,1605,80330,ml/output/frames/26_12-20/001605.jpg,3840,2160,0.5,1585.3
Данные/26_12-20/26_12-20.mp4,1610,80580,ml/output/frames/26_12-20/001610.jpg,3840,2160,0.5,1749.4
Данные/26_12-20/26_12-20.mp4,1615,80831,ml/output/frames/26_12-20/001615.jpg,3840,2160,0.5,1844.2
Данные/26_12-20/26_12-20.mp4,1620,81081,ml/output/frames/26_12-20/001620.jpg,3840,2160,0.5,1876.2
Данные/26_12-20/26_12-20.mp4,1625,81331,ml/output/frames/26_12-20/001625.jpg,3840,2160,0.5,1958.6
Данные/26_12-20/26_12-20.mp4,1630,81581,ml/output/frames/26_12-20/001630.jpg,3840,2160,0.5,1842.8
Данные/26_12-20/26_12-20.mp4,1635,81832,ml/output/frames/26_12-20/001635.jpg,3840,2160,0.5,1683.2
Данные/26_12-20/26_12-20.mp4,1640,82082,ml/output/frames/26_12-20/001640.jpg,3840,2160,0.5,1654.4
Данные/26_12-20/26_12-20.mp4,1645,82332,ml/output/frames/26_12-20/001645.jpg,3840,2160,0.5,1927.2
Данные/26_12-20/26_12-20.mp4,1650,82582,ml/output/frames/26_12-20/001650.jpg,3840,2160,0.5,2210.9
Данные/26_12-20/26_12-20.mp4,1655,82833,ml/output/frames/26_12-20/001655.jpg,3840,2160,0.5,2727.0
Данные/26_12-20/26_12-20.mp4,1660,83083,ml/output/frames/26_12-20/001660.jpg,3840,2160,0.5,2970.2
Данные/26_12-20/26_12-20.mp4,1665,83333,ml/output/frames/26_12-20/001665.jpg,3840,2160,0.5,3289.0
Данные/26_12-20/26_12-20.mp4,1690,84584,ml/output/frames/26_12-20/001690.jpg,3840,2160,0.5,2824.5
Данные/26_12-20/26_12-20.mp4,1695,84835,ml/output/frames/26_12-20/001695.jpg,3840,2160,0.5,2150.7
Данные/26_12-20/26_12-20.mp4,1700,85085,ml/output/frames/26_12-20/001700.jpg,3840,2160,0.5,1363.3
Данные/26_12-20/26_12-20.mp4,1705,85335,ml/output/frames/26_12-20/001705.jpg,3840,2160,0.5,1616.6
Данные/26_12-20/26_12-20.mp4,1710,85585,ml/output/frames/26_12-20/001710.jpg,3840,2160,0.5,1627.4
Данные/26_12-20/26_12-20.mp4,1715,85836,ml/output/frames/26_12-20/001715.jpg,3840,2160,0.5,1798.5
Данные/26_12-20/26_12-20.mp4,1720,86086,ml/output/frames/26_12-20/001720.jpg,3840,2160,0.5,1644.6
Данные/26_12-20/26_12-20.mp4,1725,86336,ml/output/frames/26_12-20/001725.jpg,3840,2160,0.5,1743.2
Данные/26_12-20/26_12-20.mp4,1730,86586,ml/output/frames/26_12-20/001730.jpg,3840,2160,0.5,1831.7
Данные/26_12-20/26_12-20.mp4,1735,86837,ml/output/frames/26_12-20/001735.jpg,3840,2160,0.5,1671.8
Данные/26_12-20/26_12-20.mp4,1740,87087,ml/output/frames/26_12-20/001740.jpg,3840,2160,0.5,1662.7
Данные/26_12-20/26_12-20.mp4,1745,87337,ml/output/frames/26_12-20/001745.jpg,3840,2160,0.5,1781.2
Данные/26_12-20/26_12-20.mp4,1750,87587,ml/output/frames/26_12-20/001750.jpg,3840,2160,0.5,1854.2
Данные/26_12-20/26_12-20.mp4,1755,87838,ml/output/frames/26_12-20/001755.jpg,3840,2160,0.5,1733.1
Данные/26_12-20/26_12-20.mp4,1760,88088,ml/output/frames/26_12-20/001760.jpg,3840,2160,0.5,2557.4
Данные/26_12-20/26_12-20.mp4,1765,88338,ml/output/frames/26_12-20/001765.jpg,3840,2160,0.5,2786.0
Данные/26_12-20/26_12-20.mp4,1775,88839,ml/output/frames/26_12-20/001775.jpg,3840,2160,0.5,3342.6
Данные/43_15/43_15.mp4,0,0,ml/output/frames/43_15/000000.jpg,3840,2160,0.5,4595.6
Данные/43_15/43_15.mp4,45,2256,ml/output/frames/43_15/000045.jpg,3840,2160,0.5,2622.1
Данные/43_15/43_15.mp4,50,2507,ml/output/frames/43_15/000050.jpg,3840,2160,0.5,1816.4
Данные/43_15/43_15.mp4,55,2757,ml/output/frames/43_15/000055.jpg,3840,2160,0.5,1503.5
Данные/43_15/43_15.mp4,60,3008,ml/output/frames/43_15/000060.jpg,3840,2160,0.5,1665.0
Данные/43_15/43_15.mp4,65,3259,ml/output/frames/43_15/000065.jpg,3840,2160,0.5,1660.5
Данные/43_15/43_15.mp4,70,3509,ml/output/frames/43_15/000070.jpg,3840,2160,0.5,1789.6
Данные/43_15/43_15.mp4,75,3760,ml/output/frames/43_15/000075.jpg,3840,2160,0.5,1829.9
Данные/43_15/43_15.mp4,80,4011,ml/output/frames/43_15/000080.jpg,3840,2160,0.5,1862.1
Данные/43_15/43_15.mp4,85,4261,ml/output/frames/43_15/000085.jpg,3840,2160,0.5,1843.5
Данные/43_15/43_15.mp4,90,4512,ml/output/frames/43_15/000090.jpg,3840,2160,0.5,1886.7
Данные/43_15/43_15.mp4,95,4763,ml/output/frames/43_15/000095.jpg,3840,2160,0.5,1880.8
Данные/43_15/43_15.mp4,100,5013,ml/output/frames/43_15/000100.jpg,3840,2160,0.5,1805.1
Данные/43_15/43_15.mp4,105,5264,ml/output/frames/43_15/000105.jpg,3840,2160,0.5,1860.2
Данные/43_15/43_15.mp4,110,5515,ml/output/frames/43_15/000110.jpg,3840,2160,0.5,1957.2
Данные/43_15/43_15.mp4,115,5765,ml/output/frames/43_15/000115.jpg,3840,2160,0.5,1987.5
Данные/43_15/43_15.mp4,120,6016,ml/output/frames/43_15/000120.jpg,3840,2160,0.5,2041.8
Данные/43_15/43_15.mp4,125,6267,ml/output/frames/43_15/000125.jpg,3840,2160,0.5,1935.6
Данные/43_15/43_15.mp4,130,6517,ml/output/frames/43_15/000130.jpg,3840,2160,0.5,2035.6
Данные/43_15/43_15.mp4,135,6768,ml/output/frames/43_15/000135.jpg,3840,2160,0.5,2010.2
Данные/43_15/43_15.mp4,140,7019,ml/output/frames/43_15/000140.jpg,3840,2160,0.5,1983.7
Данные/43_15/43_15.mp4,145,7269,ml/output/frames/43_15/000145.jpg,3840,2160,0.5,2307.3
Данные/43_15/43_15.mp4,150,7520,ml/output/frames/43_15/000150.jpg,3840,2160,0.5,3076.1
Данные/43_15/43_15.mp4,160,8021,ml/output/frames/43_15/000160.jpg,3840,2160,0.5,4701.1
Данные/43_15/43_15.mp4,190,9526,ml/output/frames/43_15/000190.jpg,3840,2160,0.5,5608.0
Данные/43_15/43_15.mp4,225,11280,ml/output/frames/43_15/000225.jpg,3840,2160,0.5,5952.2
Данные/43_15/43_15.mp4,280,14038,ml/output/frames/43_15/000280.jpg,3840,2160,0.5,6086.9
Данные/Unlabeled/25_12-20.mp4,0,0,ml/output/frames/25_12-20/000000.jpg,3840,2160,0.5,3752.1
Данные/Unlabeled/25_12-20.mp4,5,250,ml/output/frames/25_12-20/000005.jpg,3840,2160,0.5,3965.1
Данные/Unlabeled/25_12-20.mp4,10,501,ml/output/frames/25_12-20/000010.jpg,3840,2160,0.5,3514.4
Данные/Unlabeled/25_12-20.mp4,15,751,ml/output/frames/25_12-20/000015.jpg,3840,2160,0.5,3333.2
Данные/Unlabeled/25_12-20.mp4,20,1002,ml/output/frames/25_12-20/000020.jpg,3840,2160,0.5,3221.0
Данные/Unlabeled/25_12-20.mp4,25,1252,ml/output/frames/25_12-20/000025.jpg,3840,2160,0.5,3418.5
Данные/Unlabeled/25_12-20.mp4,30,1503,ml/output/frames/25_12-20/000030.jpg,3840,2160,0.5,3627.8
Данные/Unlabeled/25_12-20.mp4,35,1753,ml/output/frames/25_12-20/000035.jpg,3840,2160,0.5,3094.1
Данные/Unlabeled/25_12-20.mp4,40,2004,ml/output/frames/25_12-20/000040.jpg,3840,2160,0.5,3020.1
Данные/Unlabeled/25_12-20.mp4,45,2254,ml/output/frames/25_12-20/000045.jpg,3840,2160,0.5,3086.0
Данные/Unlabeled/25_12-20.mp4,50,2504,ml/output/frames/25_12-20/000050.jpg,3840,2160,0.5,2934.8
Данные/Unlabeled/25_12-20.mp4,55,2755,ml/output/frames/25_12-20/000055.jpg,3840,2160,0.5,3230.0
Данные/Unlabeled/25_12-20.mp4,60,3005,ml/output/frames/25_12-20/000060.jpg,3840,2160,0.5,3180.2
Данные/Unlabeled/25_12-20.mp4,65,3256,ml/output/frames/25_12-20/000065.jpg,3840,2160,0.5,3400.5
Данные/Unlabeled/25_12-20.mp4,70,3506,ml/output/frames/25_12-20/000070.jpg,3840,2160,0.5,3583.0
Данные/Unlabeled/25_12-20.mp4,75,3757,ml/output/frames/25_12-20/000075.jpg,3840,2160,0.5,3191.6
Данные/Unlabeled/25_12-20.mp4,80,4007,ml/output/frames/25_12-20/000080.jpg,3840,2160,0.5,3544.6
Данные/Unlabeled/25_12-20.mp4,85,4258,ml/output/frames/25_12-20/000085.jpg,3840,2160,0.5,3641.5
Данные/Unlabeled/25_12-20.mp4,90,4508,ml/output/frames/25_12-20/000090.jpg,3840,2160,0.5,3481.8
Данные/Unlabeled/25_12-20.mp4,95,4758,ml/output/frames/25_12-20/000095.jpg,3840,2160,0.5,3819.5
Данные/Unlabeled/25_12-20.mp4,100,5009,ml/output/frames/25_12-20/000100.jpg,3840,2160,0.5,4361.9
Данные/Unlabeled/25_12-20.mp4,110,5510,ml/output/frames/25_12-20/000110.jpg,3840,2160,0.5,5895.4
Данные/Unlabeled/25_12-20.mp4,130,6512,ml/output/frames/25_12-20/000130.jpg,3840,2160,0.5,3187.6
Данные/Unlabeled/25_12-20.mp4,150,7513,ml/output/frames/25_12-20/000150.jpg,3840,2160,0.5,3664.2
Данные/Unlabeled/25_12-20.mp4,155,7764,ml/output/frames/25_12-20/000155.jpg,3840,2160,0.5,3414.5
Данные/Unlabeled/25_12-20.mp4,160,8014,ml/output/frames/25_12-20/000160.jpg,3840,2160,0.5,3008.7
Данные/Unlabeled/25_12-20.mp4,165,8265,ml/output/frames/25_12-20/000165.jpg,3840,2160,0.5,3233.8
Данные/Unlabeled/25_12-20.mp4,170,8515,ml/output/frames/25_12-20/000170.jpg,3840,2160,0.5,3206.5
Данные/Unlabeled/25_12-20.mp4,175,8766,ml/output/frames/25_12-20/000175.jpg,3840,2160,0.5,2997.1
Данные/Unlabeled/25_12-20.mp4,180,9016,ml/output/frames/25_12-20/000180.jpg,3840,2160,0.5,2960.7
Данные/Unlabeled/25_12-20.mp4,185,9266,ml/output/frames/25_12-20/000185.jpg,3840,2160,0.5,3088.1
Данные/Unlabeled/25_12-20.mp4,190,9517,ml/output/frames/25_12-20/000190.jpg,3840,2160,0.5,2883.4
Данные/Unlabeled/25_12-20.mp4,195,9767,ml/output/frames/25_12-20/000195.jpg,3840,2160,0.5,3502.2
Данные/Unlabeled/25_12-20.mp4,200,10018,ml/output/frames/25_12-20/000200.jpg,3840,2160,0.5,3224.3
Данные/Unlabeled/25_12-20.mp4,205,10268,ml/output/frames/25_12-20/000205.jpg,3840,2160,0.5,3165.1
Данные/Unlabeled/25_12-20.mp4,210,10519,ml/output/frames/25_12-20/000210.jpg,3840,2160,0.5,3128.4
Данные/Unlabeled/25_12-20.mp4,215,10769,ml/output/frames/25_12-20/000215.jpg,3840,2160,0.5,2930.3
Данные/Unlabeled/25_12-20.mp4,220,11020,ml/output/frames/25_12-20/000220.jpg,3840,2160,0.5,2897.5
Данные/Unlabeled/25_12-20.mp4,225,11270,ml/output/frames/25_12-20/000225.jpg,3840,2160,0.5,3178.5
Данные/Unlabeled/25_12-20.mp4,230,11520,ml/output/frames/25_12-20/000230.jpg,3840,2160,0.5,3673.3
Данные/Unlabeled/25_12-20.mp4,235,11771,ml/output/frames/25_12-20/000235.jpg,3840,2160,0.5,4139.2
Данные/Unlabeled/25_12-20.mp4,250,12522,ml/output/frames/25_12-20/000250.jpg,3840,2160,0.5,5878.4
Данные/Unlabeled/25_12-20.mp4,265,13274,ml/output/frames/25_12-20/000265.jpg,3840,2160,0.5,5577.4
Данные/Unlabeled/25_12-20.mp4,270,13524,ml/output/frames/25_12-20/000270.jpg,3840,2160,0.5,3848.1
Данные/Unlabeled/25_12-20.mp4,275,13774,ml/output/frames/25_12-20/000275.jpg,3840,2160,0.5,3344.2
Данные/Unlabeled/25_12-20.mp4,280,14025,ml/output/frames/25_12-20/000280.jpg,3840,2160,0.5,3008.2
Данные/Unlabeled/25_12-20.mp4,285,14275,ml/output/frames/25_12-20/000285.jpg,3840,2160,0.5,2887.3
Данные/Unlabeled/25_12-20.mp4,290,14526,ml/output/frames/25_12-20/000290.jpg,3840,2160,0.5,3068.2
Данные/Unlabeled/25_12-20.mp4,295,14776,ml/output/frames/25_12-20/000295.jpg,3840,2160,0.5,3052.9
Данные/Unlabeled/25_12-20.mp4,300,15027,ml/output/frames/25_12-20/000300.jpg,3840,2160,0.5,2807.0
Данные/Unlabeled/25_12-20.mp4,305,15277,ml/output/frames/25_12-20/000305.jpg,3840,2160,0.5,2876.0
Данные/Unlabeled/25_12-20.mp4,310,15528,ml/output/frames/25_12-20/000310.jpg,3840,2160,0.5,2873.5
Данные/Unlabeled/25_12-20.mp4,315,15778,ml/output/frames/25_12-20/000315.jpg,3840,2160,0.5,2796.4
Данные/Unlabeled/25_12-20.mp4,320,16028,ml/output/frames/25_12-20/000320.jpg,3840,2160,0.5,2903.0
Данные/Unlabeled/25_12-20.mp4,325,16279,ml/output/frames/25_12-20/000325.jpg,3840,2160,0.5,2958.8
Данные/Unlabeled/25_12-20.mp4,330,16529,ml/output/frames/25_12-20/000330.jpg,3840,2160,0.5,3068.4
Данные/Unlabeled/25_12-20.mp4,335,16780,ml/output/frames/25_12-20/000335.jpg,3840,2160,0.5,2286.2
Данные/Unlabeled/25_12-20.mp4,340,17030,ml/output/frames/25_12-20/000340.jpg,3840,2160,0.5,2965.1
Данные/Unlabeled/25_12-20.mp4,345,17281,ml/output/frames/25_12-20/000345.jpg,3840,2160,0.5,3071.5
Данные/Unlabeled/25_12-20.mp4,350,17531,ml/output/frames/25_12-20/000350.jpg,3840,2160,0.5,3252.9
Данные/Unlabeled/25_12-20.mp4,355,17782,ml/output/frames/25_12-20/000355.jpg,3840,2160,0.5,3195.3
Данные/Unlabeled/25_12-20.mp4,360,18032,ml/output/frames/25_12-20/000360.jpg,3840,2160,0.5,3082.2
Данные/Unlabeled/25_12-20.mp4,365,18282,ml/output/frames/25_12-20/000365.jpg,3840,2160,0.5,3490.9
Данные/Unlabeled/25_12-20.mp4,370,18533,ml/output/frames/25_12-20/000370.jpg,3840,2160,0.5,3403.9
Данные/Unlabeled/25_12-20.mp4,375,18783,ml/output/frames/25_12-20/000375.jpg,3840,2160,0.5,3170.2
Данные/Unlabeled/25_12-20.mp4,380,19034,ml/output/frames/25_12-20/000380.jpg,3840,2160,0.5,2911.1
Данные/Unlabeled/25_12-20.mp4,385,19284,ml/output/frames/25_12-20/000385.jpg,3840,2160,0.5,2832.7
Данные/Unlabeled/25_12-20.mp4,390,19535,ml/output/frames/25_12-20/000390.jpg,3840,2160,0.5,2909.0
Данные/Unlabeled/25_12-20.mp4,395,19785,ml/output/frames/25_12-20/000395.jpg,3840,2160,0.5,2991.1
Данные/Unlabeled/25_12-20.mp4,400,20036,ml/output/frames/25_12-20/000400.jpg,3840,2160,0.5,3099.0
Данные/Unlabeled/25_12-20.mp4,405,20286,ml/output/frames/25_12-20/000405.jpg,3840,2160,0.5,3739.3
Данные/Unlabeled/25_12-20.mp4,410,20536,ml/output/frames/25_12-20/000410.jpg,3840,2160,0.5,4003.3
Данные/Unlabeled/25_12-20.mp4,415,20787,ml/output/frames/25_12-20/000415.jpg,3840,2160,0.5,4326.0
Данные/Unlabeled/25_12-20.mp4,430,21538,ml/output/frames/25_12-20/000430.jpg,3840,2160,0.5,5805.3
Данные/Unlabeled/25_12-20.mp4,455,22791,ml/output/frames/25_12-20/000455.jpg,3840,2160,0.5,4423.9
Данные/Unlabeled/25_12-20.mp4,460,23041,ml/output/frames/25_12-20/000460.jpg,3840,2160,0.5,3614.6
Данные/Unlabeled/25_12-20.mp4,465,23291,ml/output/frames/25_12-20/000465.jpg,3840,2160,0.5,3145.1
Данные/Unlabeled/25_12-20.mp4,470,23542,ml/output/frames/25_12-20/000470.jpg,3840,2160,0.5,2913.1
Данные/Unlabeled/25_12-20.mp4,475,23792,ml/output/frames/25_12-20/000475.jpg,3840,2160,0.5,2902.6
Данные/Unlabeled/25_12-20.mp4,480,24043,ml/output/frames/25_12-20/000480.jpg,3840,2160,0.5,2985.3
Данные/Unlabeled/25_12-20.mp4,485,24293,ml/output/frames/25_12-20/000485.jpg,3840,2160,0.5,3216.1
Данные/Unlabeled/25_12-20.mp4,490,24544,ml/output/frames/25_12-20/000490.jpg,3840,2160,0.5,3096.9
Данные/Unlabeled/25_12-20.mp4,495,24794,ml/output/frames/25_12-20/000495.jpg,3840,2160,0.5,2230.7
Данные/Unlabeled/25_12-20.mp4,500,25045,ml/output/frames/25_12-20/000500.jpg,3840,2160,0.5,2708.3
Данные/Unlabeled/25_12-20.mp4,505,25295,ml/output/frames/25_12-20/000505.jpg,3840,2160,0.5,2852.0
Данные/Unlabeled/25_12-20.mp4,510,25545,ml/output/frames/25_12-20/000510.jpg,3840,2160,0.5,2796.4
Данные/Unlabeled/25_12-20.mp4,515,25796,ml/output/frames/25_12-20/000515.jpg,3840,2160,0.5,2846.8
Данные/Unlabeled/25_12-20.mp4,520,26046,ml/output/frames/25_12-20/000520.jpg,3840,2160,0.5,2670.4
Данные/Unlabeled/25_12-20.mp4,525,26297,ml/output/frames/25_12-20/000525.jpg,3840,2160,0.5,2237.3
Данные/Unlabeled/25_12-20.mp4,530,26547,ml/output/frames/25_12-20/000530.jpg,3840,2160,0.5,2312.1
Данные/Unlabeled/25_12-20.mp4,535,26798,ml/output/frames/25_12-20/000535.jpg,3840,2160,0.5,2483.3
Данные/Unlabeled/25_12-20.mp4,540,27048,ml/output/frames/25_12-20/000540.jpg,3840,2160,0.5,3577.8
Данные/Unlabeled/25_12-20.mp4,545,27299,ml/output/frames/25_12-20/000545.jpg,3840,2160,0.5,3246.0
Данные/Unlabeled/25_12-20.mp4,550,27549,ml/output/frames/25_12-20/000550.jpg,3840,2160,0.5,3053.3
Данные/Unlabeled/25_12-20.mp4,555,27799,ml/output/frames/25_12-20/000555.jpg,3840,2160,0.5,3014.6
Данные/Unlabeled/25_12-20.mp4,560,28050,ml/output/frames/25_12-20/000560.jpg,3840,2160,0.5,3240.7
Данные/Unlabeled/25_12-20.mp4,565,28300,ml/output/frames/25_12-20/000565.jpg,3840,2160,0.5,3238.5
Данные/Unlabeled/25_12-20.mp4,570,28551,ml/output/frames/25_12-20/000570.jpg,3840,2160,0.5,3487.3
Данные/Unlabeled/25_12-20.mp4,575,28801,ml/output/frames/25_12-20/000575.jpg,3840,2160,0.5,4103.3
Данные/Unlabeled/25_12-20.mp4,580,29052,ml/output/frames/25_12-20/000580.jpg,3840,2160,0.5,4454.0
Данные/Unlabeled/25_12-20.mp4,590,29553,ml/output/frames/25_12-20/000590.jpg,3840,2160,0.5,5382.2
Данные/Unlabeled/25_12-20.mp4,605,30304,ml/output/frames/25_12-20/000605.jpg,3840,2160,0.5,5862.6
Данные/Unlabeled/25_12-20.mp4,615,30805,ml/output/frames/25_12-20/000615.jpg,3840,2160,0.5,4193.8
Данные/Unlabeled/25_12-20.mp4,620,31055,ml/output/frames/25_12-20/000620.jpg,3840,2160,0.5,3462.6
Данные/Unlabeled/25_12-20.mp4,625,31306,ml/output/frames/25_12-20/000625.jpg,3840,2160,0.5,2387.0
Данные/Unlabeled/25_12-20.mp4,630,31556,ml/output/frames/25_12-20/000630.jpg,3840,2160,0.5,2927.8
Данные/Unlabeled/25_12-20.mp4,635,31807,ml/output/frames/25_12-20/000635.jpg,3840,2160,0.5,3158.1
Данные/Unlabeled/25_12-20.mp4,640,32057,ml/output/frames/25_12-20/000640.jpg,3840,2160,0.5,2684.8
Данные/Unlabeled/25_12-20.mp4,645,32307,ml/output/frames/25_12-20/000645.jpg,3840,2160,0.5,2840.0
Данные/Unlabeled/25_12-20.mp4,650,32558,ml/output/frames/25_12-20/000650.jpg,3840,2160,0.5,2598.6
Данные/Unlabeled/25_12-20.mp4,655,32808,ml/output/frames/25_12-20/000655.jpg,3840,2160,0.5,2483.2
Данные/Unlabeled/25_12-20.mp4,660,33059,ml/output/frames/25_12-20/000660.jpg,3840,2160,0.5,2497.6
Данные/Unlabeled/25_12-20.mp4,665,33309,ml/output/frames/25_12-20/000665.jpg,3840,2160,0.5,2508.5
Данные/Unlabeled/25_12-20.mp4,670,33560,ml/output/frames/25_12-20/000670.jpg,3840,2160,0.5,2989.7
Данные/Unlabeled/25_12-20.mp4,675,33810,ml/output/frames/25_12-20/000675.jpg,3840,2160,0.5,3020.6
Данные/Unlabeled/25_12-20.mp4,680,34061,ml/output/frames/25_12-20/000680.jpg,3840,2160,0.5,2831.0
Данные/Unlabeled/25_12-20.mp4,685,34311,ml/output/frames/25_12-20/000685.jpg,3840,2160,0.5,2786.5
Данные/Unlabeled/25_12-20.mp4,690,34561,ml/output/frames/25_12-20/000690.jpg,3840,2160,0.5,2620.1
Данные/Unlabeled/25_12-20.mp4,695,34812,ml/output/frames/25_12-20/000695.jpg,3840,2160,0.5,3242.7
Данные/Unlabeled/25_12-20.mp4,700,35062,ml/output/frames/25_12-20/000700.jpg,3840,2160,0.5,2728.0
Данные/Unlabeled/25_12-20.mp4,705,35313,ml/output/frames/25_12-20/000705.jpg,3840,2160,0.5,2910.6
Данные/Unlabeled/25_12-20.mp4,710,35563,ml/output/frames/25_12-20/000710.jpg,3840,2160,0.5,2724.7
Данные/Unlabeled/25_12-20.mp4,715,35814,ml/output/frames/25_12-20/000715.jpg,3840,2160,0.5,2822.9
Данные/Unlabeled/25_12-20.mp4,720,36064,ml/output/frames/25_12-20/000720.jpg,3840,2160,0.5,2678.7
Данные/Unlabeled/25_12-20.mp4,725,36315,ml/output/frames/25_12-20/000725.jpg,3840,2160,0.5,3498.0
Данные/Unlabeled/25_12-20.mp4,730,36565,ml/output/frames/25_12-20/000730.jpg,3840,2160,0.5,3680.6
Данные/Unlabeled/25_12-20.mp4,740,37066,ml/output/frames/25_12-20/000740.jpg,3840,2160,0.5,4543.8
Данные/Unlabeled/25_12-20.mp4,760,38068,ml/output/frames/25_12-20/000760.jpg,3840,2160,0.5,5632.4
Данные/Unlabeled/25_12-20.mp4,780,39069,ml/output/frames/25_12-20/000780.jpg,3840,2160,0.5,4287.5
Данные/Unlabeled/25_12-20.mp4,785,39320,ml/output/frames/25_12-20/000785.jpg,3840,2160,0.5,3455.0
Данные/Unlabeled/25_12-20.mp4,790,39570,ml/output/frames/25_12-20/000790.jpg,3840,2160,0.5,2834.1
Данные/Unlabeled/25_12-20.mp4,795,39821,ml/output/frames/25_12-20/000795.jpg,3840,2160,0.5,2804.1
Данные/Unlabeled/25_12-20.mp4,800,40071,ml/output/frames/25_12-20/000800.jpg,3840,2160,0.5,3385.3
Данные/Unlabeled/25_12-20.mp4,805,40322,ml/output/frames/25_12-20/000805.jpg,3840,2160,0.5,4256.8
Данные/Unlabeled/25_12-20.mp4,820,41073,ml/output/frames/25_12-20/000820.jpg,3840,2160,0.5,5222.9
Данные/Unlabeled/25_12-20.mp4,850,42576,ml/output/frames/25_12-20/000850.jpg,3840,2160,0.5,6089.3
Данные/Unlabeled/26_12-20.mp4,0,0,ml/output/frames/26_12-20/000000.jpg,3840,2160,0.5,3505.8
Данные/Unlabeled/26_12-20.mp4,5,250,ml/output/frames/26_12-20/000005.jpg,3840,2160,0.5,3662.3
Данные/Unlabeled/26_12-20.mp4,10,500,ml/output/frames/26_12-20/000010.jpg,3840,2160,0.5,3459.7
Данные/Unlabeled/26_12-20.mp4,15,750,ml/output/frames/26_12-20/000015.jpg,3840,2160,0.5,3391.2
Данные/Unlabeled/26_12-20.mp4,20,1000,ml/output/frames/26_12-20/000020.jpg,3840,2160,0.5,3397.3
Данные/Unlabeled/26_12-20.mp4,25,1249,ml/output/frames/26_12-20/000025.jpg,3840,2160,0.5,4052.8
Данные/Unlabeled/26_12-20.mp4,30,1499,ml/output/frames/26_12-20/000030.jpg,3840,2160,0.5,3276.3
Данные/Unlabeled/26_12-20.mp4,35,1749,ml/output/frames/26_12-20/000035.jpg,3840,2160,0.5,3350.2
Данные/Unlabeled/26_12-20.mp4,40,1999,ml/output/frames/26_12-20/000040.jpg,3840,2160,0.5,3313.4
Данные/Unlabeled/26_12-20.mp4,45,2249,ml/output/frames/26_12-20/000045.jpg,3840,2160,0.5,3134.2
Данные/Unlabeled/26_12-20.mp4,50,2499,ml/output/frames/26_12-20/000050.jpg,3840,2160,0.5,3180.1
Данные/Unlabeled/26_12-20.mp4,55,2749,ml/output/frames/26_12-20/000055.jpg,3840,2160,0.5,3999.2
Данные/Unlabeled/26_12-20.mp4,60,2999,ml/output/frames/26_12-20/000060.jpg,3840,2160,0.5,3858.5
Данные/Unlabeled/26_12-20.mp4,65,3249,ml/output/frames/26_12-20/000065.jpg,3840,2160,0.5,3697.8
Данные/Unlabeled/26_12-20.mp4,70,3499,ml/output/frames/26_12-20/000070.jpg,3840,2160,0.5,3481.8
Данные/Unlabeled/26_12-20.mp4,75,3748,ml/output/frames/26_12-20/000075.jpg,3840,2160,0.5,3419.2
Данные/Unlabeled/26_12-20.mp4,80,3998,ml/output/frames/26_12-20/000080.jpg,3840,2160,0.5,3436.7
Данные/Unlabeled/26_12-20.mp4,85,4248,ml/output/frames/26_12-20/000085.jpg,3840,2160,0.5,3321.1
Данные/Unlabeled/26_12-20.mp4,90,4498,ml/output/frames/26_12-20/000090.jpg,3840,2160,0.5,3440.8
Данные/Unlabeled/26_12-20.mp4,95,4748,ml/output/frames/26_12-20/000095.jpg,3840,2160,0.5,4256.2
Данные/Unlabeled/26_12-20.mp4,100,4998,ml/output/frames/26_12-20/000100.jpg,3840,2160,0.5,4071.7
Данные/Unlabeled/26_12-20.mp4,105,5248,ml/output/frames/26_12-20/000105.jpg,3840,2160,0.5,4528.3
Данные/Unlabeled/26_12-20.mp4,110,5498,ml/output/frames/26_12-20/000110.jpg,3840,2160,0.5,4947.4
Данные/Unlabeled/26_12-20.mp4,120,5998,ml/output/frames/26_12-20/000120.jpg,3840,2160,0.5,6267.7
Данные/Unlabeled/26_12-20.mp4,135,6747,ml/output/frames/26_12-20/000135.jpg,3840,2160,0.5,7090.8
Данные/Unlabeled/26_12-20.mp4,150,7497,ml/output/frames/26_12-20/000150.jpg,3840,2160,0.5,5823.4
Данные/Unlabeled/26_12-20.mp4,155,7747,ml/output/frames/26_12-20/000155.jpg,3840,2160,0.5,3791.2
Данные/Unlabeled/26_12-20.mp4,160,7997,ml/output/frames/26_12-20/000160.jpg,3840,2160,0.5,3543.4
Данные/Unlabeled/26_12-20.mp4,165,8247,ml/output/frames/26_12-20/000165.jpg,3840,2160,0.5,3410.4
Данные/Unlabeled/26_12-20.mp4,170,8497,ml/output/frames/26_12-20/000170.jpg,3840,2160,0.5,3516.1
Данные/Unlabeled/26_12-20.mp4,175,8746,ml/output/frames/26_12-20/000175.jpg,3840,2160,0.5,2935.1
Данные/Unlabeled/26_12-20.mp4,180,8996,ml/output/frames/26_12-20/000180.jpg,3840,2160,0.5,2943.7
Данные/Unlabeled/26_12-20.mp4,185,9246,ml/output/frames/26_12-20/000185.jpg,3840,2160,0.5,2938.1
Данные/Unlabeled/26_12-20.mp4,190,9496,ml/output/frames/26_12-20/000190.jpg,3840,2160,0.5,2989.8
Данные/Unlabeled/26_12-20.mp4,195,9746,ml/output/frames/26_12-20/000195.jpg,3840,2160,0.5,3302.9
Данные/Unlabeled/26_12-20.mp4,200,9996,ml/output/frames/26_12-20/000200.jpg,3840,2160,0.5,3269.6
Данные/Unlabeled/26_12-20.mp4,205,10246,ml/output/frames/26_12-20/000205.jpg,3840,2160,0.5,3218.2
Данные/Unlabeled/26_12-20.mp4,210,10496,ml/output/frames/26_12-20/000210.jpg,3840,2160,0.5,3021.2
Данные/Unlabeled/26_12-20.mp4,215,10746,ml/output/frames/26_12-20/000215.jpg,3840,2160,0.5,3339.6
Данные/Unlabeled/26_12-20.mp4,220,10995,ml/output/frames/26_12-20/000220.jpg,3840,2160,0.5,3431.0
Данные/Unlabeled/26_12-20.mp4,225,11245,ml/output/frames/26_12-20/000225.jpg,3840,2160,0.5,3331.2
Данные/Unlabeled/26_12-20.mp4,230,11495,ml/output/frames/26_12-20/000230.jpg,3840,2160,0.5,3382.7
Данные/Unlabeled/26_12-20.mp4,235,11745,ml/output/frames/26_12-20/000235.jpg,3840,2160,0.5,3587.3
Данные/Unlabeled/26_12-20.mp4,240,11995,ml/output/frames/26_12-20/000240.jpg,3840,2160,0.5,3301.0
Данные/Unlabeled/26_12-20.mp4,245,12245,ml/output/frames/26_12-20/000245.jpg,3840,2160,0.5,3252.3
Данные/Unlabeled/26_12-20.mp4,250,12495,ml/output/frames/26_12-20/000250.jpg,3840,2160,0.5,2982.3
Данные/Unlabeled/26_12-20.mp4,255,12745,ml/output/frames/26_12-20/000255.jpg,3840,2160,0.5,3567.2
Данные/Unlabeled/26_12-20.mp4,260,12995,ml/output/frames/26_12-20/000260.jpg,3840,2160,0.5,4130.0
Данные/Unlabeled/26_12-20.mp4,265,13245,ml/output/frames/26_12-20/000265.jpg,3840,2160,0.5,3295.2
Данные/Unlabeled/26_12-20.mp4,270,13494,ml/output/frames/26_12-20/000270.jpg,3840,2160,0.5,2915.6
Данные/Unlabeled/26_12-20.mp4,275,13744,ml/output/frames/26_12-20/000275.jpg,3840,2160,0.5,3305.6
Данные/Unlabeled/26_12-20.mp4,280,13994,ml/output/frames/26_12-20/000280.jpg,3840,2160,0.5,3448.8
Данные/Unlabeled/26_12-20.mp4,285,14244,ml/output/frames/26_12-20/000285.jpg,3840,2160,0.5,3750.9
Данные/Unlabeled/26_12-20.mp4,290,14494,ml/output/frames/26_12-20/000290.jpg,3840,2160,0.5,4133.0
Данные/Unlabeled/26_12-20.mp4,295,14744,ml/output/frames/26_12-20/000295.jpg,3840,2160,0.5,5011.2
Данные/Unlabeled/26_12-20.mp4,310,15494,ml/output/frames/26_12-20/000310.jpg,3840,2160,0.5,5861.3
Данные/Unlabeled/26_12-20.mp4,315,15744,ml/output/frames/26_12-20/000315.jpg,3840,2160,0.5,5757.0
Данные/Unlabeled/26_12-20.mp4,320,15993,ml/output/frames/26_12-20/000320.jpg,3840,2160,0.5,4754.7
Данные/Unlabeled/26_12-20.mp4,325,16243,ml/output/frames/26_12-20/000325.jpg,3840,2160,0.5,3701.1
Данные/Unlabeled/26_12-20.mp4,330,16493,ml/output/frames/26_12-20/000330.jpg,3840,2160,0.5,3250.8
Данные/Unlabeled/26_12-20.mp4,335,16743,ml/output/frames/26_12-20/000335.jpg,3840,2160,0.5,3171.6
Данные/Unlabeled/26_12-20.mp4,340,16993,ml/output/frames/26_12-20/000340.jpg,3840,2160,0.5,3073.8
Данные/Unlabeled/26_12-20.mp4,345,17243,ml/output/frames/26_12-20/000345.jpg,3840,2160,0.5,3014.7
Данные/Unlabeled/26_12-20.mp4,350,17493,ml/output/frames/26_12-20/000350.jpg,3840,2160,0.5,3002.3
Данные/Unlabeled/26_12-20.mp4,355,17743,ml/output/frames/26_12-20/000355.jpg,3840,2160,0.5,3508.8
Данные/Unlabeled/26_12-20.mp4,360,17993,ml/output/frames/26_12-20/000360.jpg,3840,2160,0.5,3173.5
Данные/Unlabeled/26_12-20.mp4,365,18243,ml/output/frames/26_12-20/000365.jpg,3840,2160,0.5,3349.7
Данные/Unlabeled/26_12-20.mp4,370,18492,ml/output/frames/26_12-20/000370.jpg,3840,2160,0.5,3216.0
Данные/Unlabeled/26_12-20.mp4,375,18742,ml/output/frames/26_12-20/000375.jpg,3840,2160,0.5,2887.7
Данные/Unlabeled/26_12-20.mp4,380,18992,ml/output/frames/26_12-20/000380.jpg,3840,2160,0.5,2915.7
Данные/Unlabeled/26_12-20.mp4,385,19242,ml/output/frames/26_12-20/000385.jpg,3840,2160,0.5,3015.7
Данные/Unlabeled/26_12-20.mp4,390,19492,ml/output/frames/26_12-20/000390.jpg,3840,2160,0.5,3032.2
Данные/Unlabeled/26_12-20.mp4,395,19742,ml/output/frames/26_12-20/000395.jpg,3840,2160,0.5,3192.9
Данные/Unlabeled/26_12-20.mp4,400,19992,ml/output/frames/26_12-20/000400.jpg,3840,2160,0.5,3249.3
Данные/Unlabeled/26_12-20.mp4,405,20242,ml/output/frames/26_12-20/000405.jpg,3840,2160,0.5,3335.0
Данные/Unlabeled/26_12-20.mp4,410,20492,ml/output/frames/26_12-20/000410.jpg,3840,2160,0.5,3082.8
Данные/Unlabeled/26_12-20.mp4,415,20741,ml/output/frames/26_12-20/000415.jpg,3840,2160,0.5,3293.5
Данные/Unlabeled/26_12-20.mp4,420,20991,ml/output/frames/26_12-20/000420.jpg,3840,2160,0.5,3034.4
Данные/Unlabeled/26_12-20.mp4,425,21241,ml/output/frames/26_12-20/000425.jpg,3840,2160,0.5,4171.8
Данные/Unlabeled/26_12-20.mp4,430,21491,ml/output/frames/26_12-20/000430.jpg,3840,2160,0.5,4502.0
Данные/Unlabeled/26_12-20.mp4,435,21741,ml/output/frames/26_12-20/000435.jpg,3840,2160,0.5,5030.9
Данные/Unlabeled/26_12-20.mp4,445,22241,ml/output/frames/26_12-20/000445.jpg,3840,2160,0.5,5576.7
Данные/Unlabeled/26_12-20.mp4,460,22991,ml/output/frames/26_12-20/000460.jpg,3840,2160,0.5,6172.9
Данные/Unlabeled/26_12-20.mp4,465,23240,ml/output/frames/26_12-20/000465.jpg,3840,2160,0.5,4331.1
Данные/Unlabeled/26_12-20.mp4,470,23490,ml/output/frames/26_12-20/000470.jpg,3840,2160,0.5,3570.0
Данные/Unlabeled/26_12-20.mp4,475,23740,ml/output/frames/26_12-20/000475.jpg,3840,2160,0.5,3655.4
Данные/Unlabeled/26_12-20.mp4,480,23990,ml/output/frames/26_12-20/000480.jpg,3840,2160,0.5,3526.2
Данные/Unlabeled/26_12-20.mp4,485,24240,ml/output/frames/26_12-20/000485.jpg,3840,2160,0.5,3638.4
Данные/Unlabeled/26_12-20.mp4,490,24490,ml/output/frames/26_12-20/000490.jpg,3840,2160,0.5,3567.2
Данные/Unlabeled/26_12-20.mp4,495,24740,ml/output/frames/26_12-20/000495.jpg,3840,2160,0.5,3840.4
Данные/Unlabeled/26_12-20.mp4,500,24990,ml/output/frames/26_12-20/000500.jpg,3840,2160,0.5,3540.4
Данные/Unlabeled/26_12-20.mp4,505,25240,ml/output/frames/26_12-20/000505.jpg,3840,2160,0.5,3568.3
Данные/Unlabeled/26_12-20.mp4,510,25490,ml/output/frames/26_12-20/000510.jpg,3840,2160,0.5,3672.2
Данные/Unlabeled/26_12-20.mp4,515,25739,ml/output/frames/26_12-20/000515.jpg,3840,2160,0.5,3332.7
Данные/Unlabeled/26_12-20.mp4,520,25989,ml/output/frames/26_12-20/000520.jpg,3840,2160,0.5,3533.6
Данные/Unlabeled/26_12-20.mp4,525,26239,ml/output/frames/26_12-20/000525.jpg,3840,2160,0.5,3614.9
Данные/Unlabeled/26_12-20.mp4,530,26489,ml/output/frames/26_12-20/000530.jpg,3840,2160,0.5,4020.9
Данные/Unlabeled/26_12-20.mp4,535,26739,ml/output/frames/26_12-20/000535.jpg,3840,2160,0.5,4196.1
Данные/Unlabeled/26_12-20.mp4,540,26989,ml/output/frames/26_12-20/000540.jpg,3840,2160,0.5,4009.4
Данные/Unlabeled/26_12-20.mp4,545,27239,ml/output/frames/26_12-20/000545.jpg,3840,2160,0.5,4079.0
Данные/Unlabeled/26_12-20.mp4,550,27489,ml/output/frames/26_12-20/000550.jpg,3840,2160,0.5,4324.2
Данные/Unlabeled/26_12-20.mp4,555,27739,ml/output/frames/26_12-20/000555.jpg,3840,2160,0.5,3986.3
Данные/Unlabeled/26_12-20.mp4,560,27989,ml/output/frames/26_12-20/000560.jpg,3840,2160,0.5,4285.2
Данные/Unlabeled/26_12-20.mp4,565,28238,ml/output/frames/26_12-20/000565.jpg,3840,2160,0.5,3667.6
Данные/Unlabeled/26_12-20.mp4,570,28488,ml/output/frames/26_12-20/000570.jpg,3840,2160,0.5,4102.4
Данные/Unlabeled/26_12-20.mp4,575,28738,ml/output/frames/26_12-20/000575.jpg,3840,2160,0.5,4911.3
Данные/Unlabeled/26_12-20.mp4,580,28988,ml/output/frames/26_12-20/000580.jpg,3840,2160,0.5,4338.1
Данные/Unlabeled/26_12-20.mp4,585,29238,ml/output/frames/26_12-20/000585.jpg,3840,2160,0.5,4817.5
Данные/Unlabeled/26_12-20.mp4,595,29738,ml/output/frames/26_12-20/000595.jpg,3840,2160,0.5,6361.1
Данные/Unlabeled/26_12-20.mp4,620,30987,ml/output/frames/26_12-20/000620.jpg,3840,2160,0.5,7043.9
Данные/Unlabeled/26_12-20.mp4,625,31237,ml/output/frames/26_12-20/000625.jpg,3840,2160,0.5,5443.4
Данные/Unlabeled/26_12-20.mp4,630,31487,ml/output/frames/26_12-20/000630.jpg,3840,2160,0.5,4663.3
Данные/Unlabeled/26_2-10.mp4,0,0,ml/output/frames/26_2-10/000000.jpg,3840,2160,0.5,3188.2
Данные/Unlabeled/26_2-10.mp4,5,250,ml/output/frames/26_2-10/000005.jpg,3840,2160,0.5,2944.8
Данные/Unlabeled/26_2-10.mp4,10,500,ml/output/frames/26_2-10/000010.jpg,3840,2160,0.5,2810.6
Данные/Unlabeled/26_2-10.mp4,15,750,ml/output/frames/26_2-10/000015.jpg,3840,2160,0.5,2821.3
Данные/Unlabeled/26_2-10.mp4,20,1000,ml/output/frames/26_2-10/000020.jpg,3840,2160,0.5,2888.2
Данные/Unlabeled/26_2-10.mp4,25,1250,ml/output/frames/26_2-10/000025.jpg,3840,2160,0.5,3131.4
Данные/Unlabeled/26_2-10.mp4,30,1500,ml/output/frames/26_2-10/000030.jpg,3840,2160,0.5,3350.5
Данные/Unlabeled/26_2-10.mp4,35,1750,ml/output/frames/26_2-10/000035.jpg,3840,2160,0.5,3260.1
Данные/Unlabeled/26_2-10.mp4,40,2000,ml/output/frames/26_2-10/000040.jpg,3840,2160,0.5,3080.5
Данные/Unlabeled/26_2-10.mp4,45,2250,ml/output/frames/26_2-10/000045.jpg,3840,2160,0.5,3136.9
Данные/Unlabeled/26_2-10.mp4,50,2500,ml/output/frames/26_2-10/000050.jpg,3840,2160,0.5,3200.2
Данные/Unlabeled/26_2-10.mp4,55,2750,ml/output/frames/26_2-10/000055.jpg,3840,2160,0.5,3233.5
Данные/Unlabeled/26_2-10.mp4,60,3000,ml/output/frames/26_2-10/000060.jpg,3840,2160,0.5,3244.1
Данные/Unlabeled/26_2-10.mp4,65,3250,ml/output/frames/26_2-10/000065.jpg,3840,2160,0.5,3285.1
Данные/Unlabeled/26_2-10.mp4,70,3499,ml/output/frames/26_2-10/000070.jpg,3840,2160,0.5,3453.3
Данные/Unlabeled/26_2-10.mp4,75,3749,ml/output/frames/26_2-10/000075.jpg,3840,2160,0.5,3367.1
Данные/Unlabeled/26_2-10.mp4,80,3999,ml/output/frames/26_2-10/000080.jpg,3840,2160,0.5,3249.4
Данные/Unlabeled/26_2-10.mp4,85,4249,ml/output/frames/26_2-10/000085.jpg,3840,2160,0.5,2995.9
Данные/Unlabeled/26_2-10.mp4,90,4499,ml/output/frames/26_2-10/000090.jpg,3840,2160,0.5,3009.6
Данные/Unlabeled/26_2-10.mp4,95,4749,ml/output/frames/26_2-10/000095.jpg,3840,2160,0.5,3145.2
Данные/Unlabeled/26_2-10.mp4,100,4999,ml/output/frames/26_2-10/000100.jpg,3840,2160,0.5,3139.5
Данные/Unlabeled/26_2-10.mp4,105,5249,ml/output/frames/26_2-10/000105.jpg,3840,2160,0.5,3570.1
Данные/Unlabeled/26_2-10.mp4,110,5499,ml/output/frames/26_2-10/000110.jpg,3840,2160,0.5,4608.2
Данные/Unlabeled/26_2-10.mp4,115,5749,ml/output/frames/26_2-10/000115.jpg,3840,2160,0.5,4746.1
Данные/Unlabeled/26_2-10.mp4,125,6249,ml/output/frames/26_2-10/000125.jpg,3840,2160,0.5,5632.3
Данные/Unlabeled/26_2-10.mp4,130,6499,ml/output/frames/26_2-10/000130.jpg,3840,2160,0.5,6217.7
Данные/Unlabeled/26_2-10.mp4,145,7249,ml/output/frames/26_2-10/000145.jpg,3840,2160,0.5,6129.7
Данные/Unlabeled/26_2-10.mp4,160,7999,ml/output/frames/26_2-10/000160.jpg,3840,2160,0.5,5424.1
Данные/Unlabeled/26_2-10.mp4,165,8249,ml/output/frames/26_2-10/000165.jpg,3840,2160,0.5,4014.8
Данные/Unlabeled/26_2-10.mp4,170,8499,ml/output/frames/26_2-10/000170.jpg,3840,2160,0.5,2903.9
Данные/Unlabeled/26_2-10.mp4,175,8749,ml/output/frames/26_2-10/000175.jpg,3840,2160,0.5,3523.1
Данные/Unlabeled/26_2-10.mp4,180,8999,ml/output/frames/26_2-10/000180.jpg,3840,2160,0.5,3097.4
Данные/Unlabeled/26_2-10.mp4,185,9249,ml/output/frames/26_2-10/000185.jpg,3840,2160,0.5,3031.8
Данные/Unlabeled/26_2-10.mp4,190,9499,ml/output/frames/26_2-10/000190.jpg,3840,2160,0.5,3098.7
Данные/Unlabeled/26_2-10.mp4,195,9749,ml/output/frames/26_2-10/000195.jpg,3840,2160,0.5,3539.0
Данные/Unlabeled/26_2-10.mp4,200,9999,ml/output/frames/26_2-10/000200.jpg,3840,2160,0.5,3350.6
Данные/Unlabeled/26_2-10.mp4,205,10249,ml/output/frames/26_2-10/000205.jpg,3840,2160,0.5,2584.1
Данные/Unlabeled/26_2-10.mp4,210,10498,ml/output/frames/26_2-10/000210.jpg,3840,2160,0.5,3143.6
Данные/Unlabeled/26_2-10.mp4,215,10748,ml/output/frames/26_2-10/000215.jpg,3840,2160,0.5,3047.9
Данные/Unlabeled/26_2-10.mp4,220,10998,ml/output/frames/26_2-10/000220.jpg,3840,2160,0.5,3063.1
Данные/Unlabeled/26_2-10.mp4,225,11248,ml/output/frames/26_2-10/000225.jpg,3840,2160,0.5,2878.0
Данные/Unlabeled/26_2-10.mp4,230,11498,ml/output/frames/26_2-10/000230.jpg,3840,2160,0.5,3108.5
Данные/Unlabeled/26_2-10.mp4,235,11748,ml/output/frames/26_2-10/000235.jpg,3840,2160,0.5,3118.8
Данные/Unlabeled/26_2-10.mp4,240,11998,ml/output/frames/26_2-10/000240.jpg,3840,2160,0.5,2860.2
Данные/Unlabeled/26_2-10.mp4,245,12248,ml/output/frames/26_2-10/000245.jpg,3840,2160,0.5,3020.6
Данные/Unlabeled/26_2-10.mp4,250,12498,ml/output/frames/26_2-10/000250.jpg,3840,2160,0.5,3589.1
Данные/Unlabeled/26_2-10.mp4,255,12748,ml/output/frames/26_2-10/000255.jpg,3840,2160,0.5,3301.5
Данные/Unlabeled/26_2-10.mp4,260,12998,ml/output/frames/26_2-10/000260.jpg,3840,2160,0.5,3145.1
Данные/Unlabeled/26_2-10.mp4,265,13248,ml/output/frames/26_2-10/000265.jpg,3840,2160,0.5,3050.6
Данные/Unlabeled/26_2-10.mp4,270,13498,ml/output/frames/26_2-10/000270.jpg,3840,2160,0.5,3761.3
Данные/Unlabeled/26_2-10.mp4,275,13748,ml/output/frames/26_2-10/000275.jpg,3840,2160,0.5,3758.7
Данные/Unlabeled/26_2-10.mp4,285,14248,ml/output/frames/26_2-10/000285.jpg,3840,2160,0.5,4810.9
Данные/Unlabeled/26_2-10.mp4,305,15248,ml/output/frames/26_2-10/000305.jpg,3840,2160,0.5,5968.8
Данные/Unlabeled/26_2-10.mp4,315,15748,ml/output/frames/26_2-10/000315.jpg,3840,2160,0.5,4887.6
Данные/Unlabeled/26_2-10.mp4,320,15998,ml/output/frames/26_2-10/000320.jpg,3840,2160,0.5,3886.7
Данные/Unlabeled/26_2-10.mp4,325,16248,ml/output/frames/26_2-10/000325.jpg,3840,2160,0.5,2965.9
Данные/Unlabeled/26_2-10.mp4,330,16498,ml/output/frames/26_2-10/000330.jpg,3840,2160,0.5,2416.5
Данные/Unlabeled/26_2-10.mp4,335,16748,ml/output/frames/26_2-10/000335.jpg,3840,2160,0.5,2666.6
Данные/Unlabeled/26_2-10.mp4,340,16998,ml/output/frames/26_2-10/000340.jpg,3840,2160,0.5,2745.1
Данные/Unlabeled/26_2-10.mp4,345,17247,ml/output/frames/26_2-10/000345.jpg,3840,2160,0.5,3034.8
Данные/Unlabeled/26_2-10.mp4,350,17497,ml/output/frames/26_2-10/000350.jpg,3840,2160,0.5,3696.5
Данные/Unlabeled/26_2-10.mp4,355,17747,ml/output/frames/26_2-10/000355.jpg,3840,2160,0.5,3375.4
Данные/Unlabeled/26_2-10.mp4,360,17997,ml/output/frames/26_2-10/000360.jpg,3840,2160,0.5,3311.3
Данные/Unlabeled/26_2-10.mp4,365,18247,ml/output/frames/26_2-10/000365.jpg,3840,2160,0.5,2846.7
Данные/Unlabeled/26_2-10.mp4,370,18497,ml/output/frames/26_2-10/000370.jpg,3840,2160,0.5,3237.9
Данные/Unlabeled/26_2-10.mp4,375,18747,ml/output/frames/26_2-10/000375.jpg,3840,2160,0.5,3121.0
Данные/Unlabeled/26_2-10.mp4,380,18997,ml/output/frames/26_2-10/000380.jpg,3840,2160,0.5,3575.8
Данные/Unlabeled/26_2-10.mp4,385,19247,ml/output/frames/26_2-10/000385.jpg,3840,2160,0.5,3049.6
Данные/Unlabeled/26_2-10.mp4,390,19497,ml/output/frames/26_2-10/000390.jpg,3840,2160,0.5,3770.1
Данные/Unlabeled/26_2-10.mp4,395,19747,ml/output/frames/26_2-10/000395.jpg,3840,2160,0.5,3526.4
Данные/Unlabeled/26_2-10.mp4,400,19997,ml/output/frames/26_2-10/000400.jpg,3840,2160,0.5,2883.4
Данные/Unlabeled/26_2-10.mp4,405,20247,ml/output/frames/26_2-10/000405.jpg,3840,2160,0.5,2861.6
Данные/Unlabeled/26_2-10.mp4,410,20497,ml/output/frames/26_2-10/000410.jpg,3840,2160,0.5,3263.9
Данные/Unlabeled/26_2-10.mp4,415,20747,ml/output/frames/26_2-10/000415.jpg,3840,2160,0.5,3111.3
Данные/Unlabeled/26_2-10.mp4,420,20997,ml/output/frames/26_2-10/000420.jpg,3840,2160,0.5,3425.0
Данные/Unlabeled/26_2-10.mp4,425,21247,ml/output/frames/26_2-10/000425.jpg,3840,2160,0.5,4034.1
Данные/Unlabeled/26_2-10.mp4,430,21497,ml/output/frames/26_2-10/000430.jpg,3840,2160,0.5,4552.2
Данные/Unlabeled/26_2-10.mp4,445,22247,ml/output/frames/26_2-10/000445.jpg,3840,2160,0.5,5595.0
Данные/Unlabeled/26_2-10.mp4,465,23247,ml/output/frames/26_2-10/000465.jpg,3840,2160,0.5,5290.2
Данные/Unlabeled/26_2-10.mp4,470,23497,ml/output/frames/26_2-10/000470.jpg,3840,2160,0.5,3891.5
Данные/Unlabeled/26_2-10.mp4,475,23747,ml/output/frames/26_2-10/000475.jpg,3840,2160,0.5,3216.6
Данные/Unlabeled/26_2-10.mp4,480,23997,ml/output/frames/26_2-10/000480.jpg,3840,2160,0.5,3181.3
Данные/Unlabeled/26_2-10.mp4,485,24246,ml/output/frames/26_2-10/000485.jpg,3840,2160,0.5,2964.4
Данные/Unlabeled/26_2-10.mp4,490,24496,ml/output/frames/26_2-10/000490.jpg,3840,2160,0.5,3194.0
Данные/Unlabeled/26_2-10.mp4,495,24746,ml/output/frames/26_2-10/000495.jpg,3840,2160,0.5,2966.4
Данные/Unlabeled/26_2-10.mp4,500,24996,ml/output/frames/26_2-10/000500.jpg,3840,2160,0.5,2794.3
Данные/Unlabeled/26_2-10.mp4,505,25246,ml/output/frames/26_2-10/000505.jpg,3840,2160,0.5,2624.1
Данные/Unlabeled/26_2-10.mp4,510,25496,ml/output/frames/26_2-10/000510.jpg,3840,2160,0.5,2166.1
Данные/Unlabeled/26_2-10.mp4,515,25746,ml/output/frames/26_2-10/000515.jpg,3840,2160,0.5,3425.1
Данные/Unlabeled/26_2-10.mp4,520,25996,ml/output/frames/26_2-10/000520.jpg,3840,2160,0.5,3299.5
Данные/Unlabeled/26_2-10.mp4,525,26246,ml/output/frames/26_2-10/000525.jpg,3840,2160,0.5,3145.3
Данные/Unlabeled/26_2-10.mp4,530,26496,ml/output/frames/26_2-10/000530.jpg,3840,2160,0.5,3067.8
Данные/Unlabeled/26_2-10.mp4,535,26746,ml/output/frames/26_2-10/000535.jpg,3840,2160,0.5,3062.0
Данные/Unlabeled/26_2-10.mp4,540,26996,ml/output/frames/26_2-10/000540.jpg,3840,2160,0.5,3217.9
Данные/Unlabeled/26_2-10.mp4,545,27246,ml/output/frames/26_2-10/000545.jpg,3840,2160,0.5,3275.3
Данные/Unlabeled/26_2-10.mp4,550,27496,ml/output/frames/26_2-10/000550.jpg,3840,2160,0.5,3237.8
Данные/Unlabeled/26_2-10.mp4,555,27746,ml/output/frames/26_2-10/000555.jpg,3840,2160,0.5,2663.4
Данные/Unlabeled/26_2-10.mp4,560,27996,ml/output/frames/26_2-10/000560.jpg,3840,2160,0.5,2760.8
Данные/Unlabeled/26_2-10.mp4,565,28246,ml/output/frames/26_2-10/000565.jpg,3840,2160,0.5,3006.3
Данные/Unlabeled/26_2-10.mp4,570,28496,ml/output/frames/26_2-10/000570.jpg,3840,2160,0.5,3052.9
Данные/Unlabeled/26_2-10.mp4,575,28746,ml/output/frames/26_2-10/000575.jpg,3840,2160,0.5,2776.6
Данные/Unlabeled/26_2-10.mp4,580,28996,ml/output/frames/26_2-10/000580.jpg,3840,2160,0.5,2445.8
Данные/Unlabeled/26_2-10.mp4,585,29246,ml/output/frames/26_2-10/000585.jpg,3840,2160,0.5,3403.6
Данные/Unlabeled/26_2-10.mp4,590,29496,ml/output/frames/26_2-10/000590.jpg,3840,2160,0.5,3820.0
Данные/Unlabeled/26_2-10.mp4,595,29746,ml/output/frames/26_2-10/000595.jpg,3840,2160,0.5,3964.4
Данные/Unlabeled/26_2-10.mp4,605,30246,ml/output/frames/26_2-10/000605.jpg,3840,2160,0.5,5151.0
